{
  "custom": {},
  "params": {},
  "props": {
    "defaultSize": {
      "width": 280
    }
  },
  "root": {
    "children": [
      {
        "meta": {
          "name": "MenuTree_0"
        },
        "position": {
          "basis": "300px",
          "grow": 1
        },
        "propConfig": {
          "props.items[1].style.backgroundColor": {
            "binding": {
              "config": {
                "path": "page.props.path"
              },
              "transforms": [
                {
                  "expression": "if ({value} \u003d {this.props.items[1].target}, \"#f7f3f2\", \"\")",
                  "type": "expression"
                }
              ],
              "type": "property"
            }
          },
          "props.items[1].style.fontWeight": {
            "binding": {
              "config": {
                "path": "page.props.path"
              },
              "transforms": [
                {
                  "expression": "if ({value} \u003d {this.props.items[1].target}, \"bold\", \"normal\")",
                  "type": "expression"
                }
              ],
              "type": "property"
            }
          },
          "props.items[2].style.backgroundColor": {
            "binding": {
              "config": {
                "path": "page.props.path"
              },
              "transforms": [
                {
                  "expression": "if ({value} \u003d {this.props.items[2].target}, \"#f7f3f2\", \"\")",
                  "type": "expression"
                }
              ],
              "type": "property"
            }
          },
          "props.items[2].style.fontWeight": {
            "binding": {
              "config": {
                "path": "page.props.path"
              },
              "transforms": [
                {
                  "expression": "if ({value} \u003d {this.props.items[2].target}, \"bold\", \"normal\")",
                  "type": "expression"
                }
              ],
              "type": "property"
            }
          },
          "props.items[3].style.backgroundColor": {
            "binding": {
              "config": {
                "path": "page.props.path"
              },
              "transforms": [
                {
                  "expression": "if ({value} \u003d {this.props.items[3].target}, \"#f7f3f2\", \"\")",
                  "type": "expression"
                }
              ],
              "type": "property"
            }
          },
          "props.items[3].style.fontWeight": {
            "binding": {
              "config": {
                "path": "page.props.path"
              },
              "transforms": [
                {
                  "expression": "if ({value} \u003d {this.props.items[3].target}, \"bold\", \"normal\")",
                  "type": "expression"
                }
              ],
              "type": "property"
            }
          },
          "props.items[5].style.backgroundColor": {
            "binding": {
              "config": {
                "path": "page.props.path"
              },
              "transforms": [
                {
                  "expression": "if ({value} \u003d {this.props.items[5].target}, \"#f7f3f2\", \"\")",
                  "type": "expression"
                }
              ],
              "type": "property"
            }
          },
          "props.items[5].style.fontWeight": {
            "binding": {
              "config": {
                "path": "page.props.path"
              },
              "transforms": [
                {
                  "expression": "if ({value} \u003d {this.props.items[5].target}, \"bold\", \"normal\")",
                  "type": "expression"
                }
              ],
              "type": "property"
            }
          },
          "props.items[6].style.backgroundColor": {
            "binding": {
              "config": {
                "path": "page.props.path"
              },
              "transforms": [
                {
                  "expression": "if ({value} \u003d {this.props.items[6].target}, \"#f7f3f2\", \"\")",
                  "type": "expression"
                }
              ],
              "type": "property"
            }
          },
          "props.items[6].style.fontWeight": {
            "binding": {
              "config": {
                "path": "page.props.path"
              },
              "transforms": [
                {
                  "expression": "if ({value} \u003d {this.props.items[6].target}, \"bold\", \"normal\")",
                  "type": "expression"
                }
              ],
              "type": "property"
            }
          }
        },
        "props": {
          "items": [
            {
              "enabled": false,
              "label": {
                "icon": {
                  "path": "material/list"
                },
                "text": "PER COUNTRY"
              },
              "resetOnClick": false,
              "showHeader": true,
              "style": {
                "classes": "",
                "cursor": "auto"
              },
              "target": "",
              "visible": true
            },
            {
              "enabled": true,
              "label": {
                "icon": {
                  "path": "material/notifications_active"
                },
                "text": "Highlights"
              },
              "navIcon": {
                "color": "",
                "path": ""
              },
              "resetOnClick": false,
              "showHeader": true,
              "style": {
                "classes": "Menu/Item"
              },
              "target": "/",
              "visible": true
            },
            {
              "enabled": true,
              "label": {
                "icon": {
                  "path": "material/show_chart"
                },
                "text": "Temperatures and CO2 emission"
              },
              "resetOnClick": false,
              "showHeader": true,
              "style": {
                "classes": "Menu/Item"
              },
              "target": "/country/chart",
              "visible": true
            },
            {
              "enabled": true,
              "label": {
                "icon": {
                  "path": "material/equalizer"
                },
                "text": "Temperature anomaly"
              },
              "resetOnClick": false,
              "showHeader": true,
              "style": {
                "classes": "Menu/Item"
              },
              "target": "/country/temperature-anomaly",
              "visible": true
            },
            {
              "enabled": false,
              "label": {
                "icon": {
                  "path": "material/list"
                },
                "text": "GLOBAL"
              },
              "resetOnClick": false,
              "showHeader": true,
              "style": {
                "classes": "",
                "cursor": "auto"
              },
              "target": "",
              "visible": true
            },
            {
              "enabled": true,
              "label": {
                "icon": {
                  "path": "material/import_export"
                },
                "text": "Temperature anomaly"
              },
              "resetOnClick": false,
              "showHeader": true,
              "style": {
                "classes": "Menu/Item"
              },
              "target": "/global/temperature-anomaly",
              "visible": true
            },
            {
              "enabled": true,
              "label": {
                "icon": {
                  "path": "material/pie_chart"
                },
                "text": "CO2 emission"
              },
              "resetOnClick": false,
              "showHeader": true,
              "style": {
                "classes": "Menu/Item"
              },
              "target": "/global/co2",
              "visible": true
            }
          ]
        },
        "type": "ia.navigation.menutree"
      },
      {
        "meta": {
          "name": "MenuTree"
        },
        "position": {
          "basis": "300px",
          "display": false
        },
        "propConfig": {
          "props.items[0].items[0].style.fontWeight": {
            "binding": {
              "config": {
                "path": "page.props.path"
              },
              "transforms": [
                {
                  "expression": "if ({value} \u003d {this.props.items[0].items[0].target}, \"bold\", \"normal\")",
                  "type": "expression"
                }
              ],
              "type": "property"
            }
          },
          "props.items[0].items[1].style.fontWeight": {
            "binding": {
              "config": {
                "path": "page.props.path"
              },
              "transforms": [
                {
                  "expression": "if ({value} \u003d {this.props.items[0].items[1].target}, \"bold\", \"normal\")",
                  "type": "expression"
                }
              ],
              "type": "property"
            }
          },
          "props.items[0].items[2].style.fontWeight": {
            "binding": {
              "config": {
                "path": "page.props.path"
              },
              "transforms": [
                {
                  "expression": "if ({value} \u003d {this.props.items[0].items[2].target}, \"bold\", \"normal\")",
                  "type": "expression"
                }
              ],
              "type": "property"
            }
          },
          "props.items[1].items[0].style.fontWeight": {
            "binding": {
              "config": {
                "path": "page.props.path"
              },
              "transforms": [
                {
                  "expression": "if ({value} \u003d {this.props.items[1].items[0].target}, \"bold\", \"normal\")",
                  "type": "expression"
                }
              ],
              "type": "property"
            }
          },
          "props.items[1].items[1].style.fontWeight": {
            "binding": {
              "config": {
                "path": "page.props.path"
              },
              "transforms": [
                {
                  "expression": "if ({value} \u003d {this.props.items[1].items[1].target}, \"bold\", \"normal\")",
                  "type": "expression"
                }
              ],
              "type": "property"
            }
          }
        },
        "props": {
          "items": [
            {
              "enabled": true,
              "items": [
                {
                  "enabled": true,
                  "items": [],
                  "label": {
                    "icon": {
                      "path": "material/notifications_active"
                    },
                    "text": "Highlights"
                  },
                  "navIcon": {
                    "path": ""
                  },
                  "resetOnClick": false,
                  "showHeader": true,
                  "style": {
                    "classes": ""
                  },
                  "target": "/country/highlights",
                  "visible": true
                },
                {
                  "enabled": true,
                  "items": [],
                  "label": {
                    "icon": {
                      "path": "material/show_chart"
                    },
                    "text": "Temperatures and CO2 emission"
                  },
                  "navIcon": {
                    "path": ""
                  },
                  "resetOnClick": false,
                  "showHeader": true,
                  "style": {
                    "classes": ""
                  },
                  "target": "",
                  "visible": true
                },
                {
                  "enabled": true,
                  "items": [],
                  "label": {
                    "icon": {
                      "path": "material/equalizer"
                    },
                    "text": "Temperature anomaly"
                  },
                  "navIcon": {
                    "path": ""
                  },
                  "resetOnClick": false,
                  "showHeader": true,
                  "style": {
                    "classes": ""
                  },
                  "target": "",
                  "visible": true
                }
              ],
              "label": {
                "icon": {
                  "path": "material/list"
                },
                "text": "PER COUNTRY"
              },
              "navIcon": {
                "color": "",
                "path": "material/chevron_right"
              },
              "resetOnClick": false,
              "showHeader": true,
              "style": {
                "classes": ""
              },
              "target": "",
              "visible": true
            },
            {
              "enabled": true,
              "items": [
                {
                  "enabled": true,
                  "items": [],
                  "label": {
                    "icon": {
                      "path": "material/import_export"
                    },
                    "text": "Temperature anomaly"
                  },
                  "navIcon": {
                    "path": ""
                  },
                  "resetOnClick": false,
                  "showHeader": true,
                  "style": {
                    "classes": ""
                  },
                  "target": "",
                  "visible": true
                },
                {
                  "enabled": true,
                  "items": [],
                  "label": {
                    "icon": {
                      "path": "material/pie_chart"
                    },
                    "text": "CO2 emission"
                  },
                  "navIcon": {
                    "path": ""
                  },
                  "resetOnClick": false,
                  "showHeader": true,
                  "style": {
                    "classes": ""
                  },
                  "target": "",
                  "visible": true
                }
              ],
              "label": {
                "icon": {
                  "path": "material/list"
                },
                "text": "GLOBAL"
              },
              "navIcon": {
                "color": "",
                "path": "material/chevron_right"
              },
              "resetOnClick": false,
              "showHeader": true,
              "style": {
                "classes": ""
              },
              "target": "",
              "visible": true
            }
          ]
        },
        "type": "ia.navigation.menutree"
      }
    ],
    "meta": {
      "name": "root"
    },
    "props": {
      "direction": "column",
      "style": {
        "classes": "Menu/All_Header"
      }
    },
    "type": "ia.container.flex"
  }
}