{
  "custom": {},
  "events": {
    "system": {
      "onStartup": {
        "config": {
          "script": "\tfrom datetime import datetime\n\t\n\t# Unselected temperatures and co2 on start\n\tself.getChild(\"root\").getChild(\"CoordinateContainer\").getChild(\"Checkbox\").props.selected \u003d True\n\tself.getChild(\"root\").getChild(\"CoordinateContainer\").getChild(\"Checkbox_0\").props.selected \u003d True\n\t\n\t# Set last 5 years on default\n\tself.getChild(\"root\").getChild(\"CoordinateContainer\").getChild(\"DateTimeInput_1\").props.value \u003d datetime(2015,1,1,0,0,0)\n\tself.getChild(\"root\").getChild(\"CoordinateContainer\").getChild(\"DateTimeInput_0\").props.value \u003d datetime(2020,1,1,0,0,0)\n\t\n\tend \u003d self.getChild(\"root\").getChild(\"CoordinateContainer\").getChild(\"DateTimeInput_0\").props.value\n\tstart \u003d self.getChild(\"root\").getChild(\"CoordinateContainer\").getChild(\"DateTimeInput_1\").props.value\n\tcity \u003d self.getChild(\"root\").getChild(\"CoordinateContainer\").getChild(\"City\").props.value\n\tcountry \u003d self.getChild(\"root\").getChild(\"CoordinateContainer\").getChild(\"Country\").props.value\n\t\n\t# Reset the temperature chart\n\tnamedQuery \u003d \"FilterTemperatureData\"\n\tparameters\u003d{\"StartDate\":start, \"EndDate\":end, \"Country\":country, \"City\":city}\n\tsystem.db.runNamedQuery(path\u003dnamedQuery, parameters\u003dparameters)\n\tself.getChild(\"root\").getChild(\"CoordinateContainer\").getChild(\"TimeSeriesChart\").refreshBinding(\"props.series[0].data\")\n\n\t# Reset the CO2 chart\n\tnamedQuery \u003d \"FilterCO2Data\"\n\tparameters\u003d{\"StartDate\":start, \"EndDate\":end, \"Country\":country, \"City\":city}\n\tsystem.db.runNamedQuery(path\u003dnamedQuery, parameters\u003dparameters)\n\tself.getChild(\"root\").getChild(\"CoordinateContainer\").getChild(\"TimeSeriesChart\").refreshBinding(\"props.series[1].data\")\n"
        },
        "scope": "G",
        "type": "script"
      }
    }
  },
  "params": {},
  "propConfig": {
    "params.feature": {
      "paramDirection": "input"
    },
    "params.key": {
      "paramDirection": "input"
    },
    "params.tier1": {
      "paramDirection": "input"
    },
    "params.tier2": {
      "paramDirection": "input"
    }
  },
  "props": {},
  "root": {
    "children": [
      {
        "meta": {
          "hasDelegate": true,
          "name": "Spacer_2"
        },
        "position": {
          "basis": "10px",
          "shrink": 0
        },
        "type": "ia.display.label"
      },
      {
        "meta": {
          "name": "EmbeddedView"
        },
        "position": {
          "basis": "320px"
        },
        "props": {
          "path": "Docks/Header Highlights"
        },
        "type": "ia.display.view"
      },
      {
        "children": [
          {
            "meta": {
              "name": "TimeSeriesChart"
            },
            "position": {
              "height": 462,
              "width": 1342,
              "x": -37.2,
              "y": 201
            },
            "propConfig": {
              "props.plots[0].trends[0].visible": {
                "binding": {
                  "config": {
                    "path": "../Checkbox.props.selected"
                  },
                  "type": "property"
                }
              },
              "props.plots[0].trends[1].visible": {
                "binding": {
                  "config": {
                    "path": "../Checkbox_0.props.selected"
                  },
                  "type": "property"
                }
              },
              "props.series[0].data": {
                "binding": {
                  "config": {
                    "queryPath": "ResultChartTemperature",
                    "returnFormat": "json"
                  },
                  "type": "query"
                }
              },
              "props.series[1].data": {
                "binding": {
                  "config": {
                    "queryPath": "ResultChartCO2",
                    "returnFormat": "json"
                  },
                  "type": "query"
                }
              }
            },
            "props": {
              "defaultStyles": {
                "colors": [
                  "#DD3333",
                  "#3778C5",
                  "#C9D72D"
                ]
              },
              "legend": {
                "position": "top",
                "style": {
                  "fontSize": "15px"
                }
              },
              "plots": [
                {
                  "axes": [],
                  "markers": [],
                  "trends": [
                    {
                      "axis": "",
                      "baselines": [],
                      "breakLine": true,
                      "columns": [
                        {
                          "color": "#E35063",
                          "key": "TEMPERATURE",
                          "styles": {
                            "highlighted": {
                              "fill": {
                                "color": "",
                                "opacity": null
                              },
                              "stroke": {
                                "color": "",
                                "dashArray": null,
                                "opacity": null,
                                "width": null
                              }
                            },
                            "muted": {
                              "fill": {
                                "color": "",
                                "opacity": null
                              },
                              "stroke": {
                                "color": "",
                                "dashArray": null,
                                "opacity": null,
                                "width": null
                              }
                            },
                            "normal": {
                              "fill": {
                                "color": "",
                                "opacity": null
                              },
                              "stroke": {
                                "color": "",
                                "dashArray": null,
                                "opacity": null,
                                "width": null
                              }
                            },
                            "selected": {
                              "fill": {
                                "color": "",
                                "opacity": null
                              },
                              "stroke": {
                                "color": "",
                                "dashArray": null,
                                "opacity": null,
                                "width": null
                              }
                            }
                          }
                        }
                      ],
                      "interpolation": "curveLinear",
                      "radius": 2,
                      "series": "Temperature",
                      "stack": true,
                      "type": "line"
                    },
                    {
                      "axis": "",
                      "baselines": [],
                      "breakLine": true,
                      "columns": [
                        {
                          "color": "#3642D8",
                          "key": "CO2",
                          "styles": {
                            "highlighted": {
                              "fill": {
                                "color": "",
                                "opacity": null
                              },
                              "stroke": {
                                "color": "",
                                "dashArray": null,
                                "opacity": null,
                                "width": null
                              }
                            },
                            "muted": {
                              "fill": {
                                "color": "",
                                "opacity": null
                              },
                              "stroke": {
                                "color": "",
                                "dashArray": null,
                                "opacity": null,
                                "width": null
                              }
                            },
                            "normal": {
                              "fill": {
                                "color": "",
                                "opacity": null
                              },
                              "stroke": {
                                "color": "",
                                "dashArray": null,
                                "opacity": null,
                                "width": null
                              }
                            },
                            "selected": {
                              "fill": {
                                "color": "",
                                "opacity": null
                              },
                              "stroke": {
                                "color": "",
                                "dashArray": null,
                                "opacity": null,
                                "width": null
                              }
                            }
                          }
                        }
                      ],
                      "interpolation": "curveLinear",
                      "radius": 2,
                      "series": "CO2",
                      "stack": true,
                      "type": "line"
                    }
                  ]
                }
              ],
              "series": [
                {
                  "name": "Temperature"
                },
                {
                  "name": "CO2"
                }
              ],
              "timeRange": {
                "dateFormat": "YYYY-MM-DD",
                "timeFormat": "None",
                "visible": false
              }
            },
            "type": "ia.chart.timeseries"
          },
          {
            "events": {
              "component": {
                "onActionPerformed": {
                  "config": {
                    "script": "\tend \u003d self.getSibling(\"DateTimeInput_0\").props.value\n\tstart \u003d self.getSibling(\"DateTimeInput_1\").props.value\n\tcity \u003d self.getSibling(\"City\").props.value\n\tcountry \u003d self.getSibling(\"Country\").props.value\n\t\n\tif city is not None and country is not None:\n\t\tnamedQuery \u003d \"FilterTemperatureData\"\n\t\tparameters\u003d{\"StartDate\":start, \"EndDate\":end, \"Country\":country, \"City\":city}\n\t\tsystem.db.runNamedQuery(path\u003dnamedQuery, parameters\u003dparameters)\n\t\tself.getSibling(\"TimeSeriesChart\").refreshBinding(\"props.series[0].data\")\n\t"
                  },
                  "scope": "G",
                  "type": "script"
                }
              }
            },
            "meta": {
              "name": "Checkbox"
            },
            "position": {
              "height": 36,
              "rotate": {
                "anchor": "200% -725%"
              },
              "width": 166,
              "x": 26.425,
              "y": 103
            },
            "props": {
              "checkedIcon": {
                "color": {
                  "enabled": "#D8385E"
                }
              },
              "selected": true,
              "text": "Temperature"
            },
            "scripts": {
              "customMethods": [],
              "extensionFunctions": null,
              "messageHandlers": [
                {
                  "messageType": "unselectTemperature",
                  "pageScope": true,
                  "script": "\t# implement your handler here\n\tself.props.selected \u003d False",
                  "sessionScope": false,
                  "viewScope": false
                }
              ]
            },
            "type": "ia.input.checkbox"
          },
          {
            "events": {
              "component": {
                "onActionPerformed": {
                  "config": {
                    "script": "\tend \u003d self.getSibling(\"DateTimeInput_0\").props.value\n\tstart \u003d self.getSibling(\"DateTimeInput_1\").props.value\n\tcity \u003d self.getSibling(\"City\").props.value\n\tcountry \u003d self.getSibling(\"Country\").props.value\n\t\n\tif city is not None and country is not None:\n\t\tnamedQuery \u003d \"FilterCO2Data\"\n\t\tparameters\u003d{\"StartDate\":start, \"EndDate\":end, \"Country\":country, \"City\":city}\n\t\tsystem.db.runNamedQuery(path\u003dnamedQuery, parameters\u003dparameters)\n\t\tself.getSibling(\"TimeSeriesChart\").refreshBinding(\"props.series[1].data\")\n\t"
                  },
                  "scope": "G",
                  "type": "script"
                }
              }
            },
            "meta": {
              "name": "Checkbox_0"
            },
            "position": {
              "height": 36,
              "rotate": {
                "anchor": "25% -61%"
              },
              "width": 140.46,
              "x": 178.775,
              "y": 103.218
            },
            "props": {
              "selected": true,
              "text": "CO2"
            },
            "scripts": {
              "customMethods": [],
              "extensionFunctions": null,
              "messageHandlers": [
                {
                  "messageType": "unselectCO2",
                  "pageScope": true,
                  "script": "\t# implement your handler here\n\tself.props.selected \u003d False",
                  "sessionScope": false,
                  "viewScope": false
                }
              ]
            },
            "type": "ia.input.checkbox"
          },
          {
            "events": {
              "component": {
                "onActionPerformed": {
                  "config": {
                    "script": "\t\n\tvalue \u003d self.props.value\n\t\n\tif value is not None:\n\t\t# Reset the country label based on the selected country\n\t\tnamedQuery \u003d \"GetCountryForCity\"\n\t\tparameters\u003d{\"City\":value}\n\t\tresults \u003d system.db.runNamedQuery(path\u003dnamedQuery, parameters\u003dparameters)\n\t\t\n\t\tself.getSibling(\"Country\").props.value \u003d results.getValueAt(0,0)\n\t\t\n\tsystem.perspective.sendMessage(\u0027unselectTemperature\u0027)\n\tsystem.perspective.sendMessage(\u0027unselectCO2\u0027)"
                  },
                  "scope": "G",
                  "type": "script"
                }
              }
            },
            "meta": {
              "name": "City"
            },
            "position": {
              "height": 36,
              "width": 193,
              "x": 686.4,
              "y": 19
            },
            "propConfig": {
              "props.options": {
                "binding": {
                  "config": {
                    "queryPath": "GetCities"
                  },
                  "type": "query"
                }
              }
            },
            "props": {
              "placeholder": {
                "icon": {
                  "path": "material/location_on"
                },
                "text": "Select City"
              },
              "showClearIcon": true,
              "value": "Skopje"
            },
            "type": "ia.input.dropdown"
          },
          {
            "events": {
              "component": {
                "onActionPerformed": {
                  "config": {
                    "script": "\t\n\tvalue \u003d self.props.value\n\t\n\tif value is not None:\n\t\t# Reset the city dropdown based on the selected country\n\t\tnamedQuery \u003d \"GetCitiesForCountry\"\n\t\tparameters\u003d{\"Country\":value}\n\t\tresults \u003d system.db.runNamedQuery(path\u003dnamedQuery, parameters\u003dparameters)\n\t\t\n\t\tself.getSibling(\"City\").props.options \u003d results\n\t\tself.getSibling(\"City\").props.value \u003d None\n\telse:\n\t\t# Reset the city dropdown \n\t\tnamedQuery \u003d \"GetCities\"\n\t\tparameters\u003d{}\n\t\tresults \u003d system.db.runNamedQuery(path\u003dnamedQuery, parameters\u003dparameters)\n\t\t\t\n\t\tself.getSibling(\"City\").props.options \u003d results\n\t\tself.getSibling(\"City\").props.value \u003d None\n\t\t\n\tsystem.perspective.sendMessage(\u0027unselectTemperature\u0027)\n\tsystem.perspective.sendMessage(\u0027unselectCO2\u0027)\n\t"
                  },
                  "scope": "G",
                  "type": "script"
                }
              }
            },
            "meta": {
              "name": "Country"
            },
            "position": {
              "height": 36,
              "rotate": {
                "anchor": "91% -672%"
              },
              "width": 195,
              "x": 451.4,
              "y": 19
            },
            "propConfig": {
              "props.options": {
                "binding": {
                  "config": {
                    "queryPath": "GetCountries"
                  },
                  "type": "query"
                }
              }
            },
            "props": {
              "placeholder": {
                "icon": {
                  "path": "material/location_on"
                },
                "text": "Select Country"
              },
              "showClearIcon": true,
              "style": {
                "fontSize": 14
              },
              "value": "Macedonia"
            },
            "type": "ia.input.dropdown"
          },
          {
            "events": {
              "component": {
                "onActionPerformed": {
                  "config": {
                    "script": "\tsystem.perspective.sendMessage(\u0027unselectTemperature\u0027)\n\tsystem.perspective.sendMessage(\u0027unselectCO2\u0027)"
                  },
                  "scope": "G",
                  "type": "script"
                }
              }
            },
            "meta": {
              "name": "DateTimeInput_0"
            },
            "position": {
              "height": 36,
              "rotate": {
                "anchor": "100% 50%"
              },
              "width": 170,
              "x": 241.4,
              "y": 19
            },
            "props": {
              "format": "ll",
              "formattedValue": "Jan 1, 2020",
              "minDate": 0,
              "pickerType": "date",
              "placeholder": "To",
              "value": {
                "$": [
                  "ts",
                  192,
                  1634999091876
                ],
                "$ts": 1577836800000
              }
            },
            "type": "ia.input.date-time-input"
          },
          {
            "events": {
              "component": {
                "onActionPerformed": {
                  "config": {
                    "script": "\tsystem.perspective.sendMessage(\u0027unselectTemperature\u0027)\n\tsystem.perspective.sendMessage(\u0027unselectCO2\u0027)"
                  },
                  "scope": "G",
                  "type": "script"
                }
              }
            },
            "meta": {
              "name": "DateTimeInput_1"
            },
            "position": {
              "height": 36,
              "rotate": {
                "anchor": "100% 50%"
              },
              "width": 170,
              "x": 31.425002288818362,
              "y": 19
            },
            "props": {
              "format": "ll",
              "formattedValue": "Jan 1, 2015",
              "minDate": -8496354107,
              "pickerType": "date",
              "placeholder": "From",
              "value": {
                "$": [
                  "ts",
                  192,
                  1634999091876
                ],
                "$ts": 1420070400000
              }
            },
            "type": "ia.input.date-time-input"
          }
        ],
        "meta": {
          "name": "CoordinateContainer"
        },
        "position": {
          "grow": 1
        },
        "type": "ia.container.coord"
      }
    ],
    "meta": {
      "name": "root"
    },
    "props": {
      "direction": "column",
      "style": {
        "classes": "Page/Color Page/Page"
      }
    },
    "type": "ia.container.flex"
  }
}