{
  "custom": {},
  "params": {
    "anomaly": 10,
    "counter": 1,
    "month": "Aug",
    "year": 1994
  },
  "propConfig": {
    "params.anomaly": {
      "paramDirection": "input",
      "persistent": true
    },
    "params.average": {
      "paramDirection": "input",
      "persistent": true
    },
    "params.counter": {
      "paramDirection": "input",
      "persistent": true
    },
    "params.month": {
      "paramDirection": "input",
      "persistent": true
    },
    "params.y": {
      "paramDirection": "input",
      "persistent": true
    },
    "params.year": {
      "paramDirection": "input",
      "persistent": true
    }
  },
  "props": {
    "defaultSize": {
      "height": 66,
      "width": 93
    }
  },
  "root": {
    "children": [
      {
        "meta": {
          "name": "Label"
        },
        "position": {
          "basis": "32px",
          "grow": 1
        },
        "propConfig": {
          "props.style.backgroundColor": {
            "binding": {
              "config": {
                "path": "view.params.counter"
              },
              "transforms": [
                {
                  "fallback": "#FFFFFF",
                  "inputType": "scalar",
                  "mappings": [
                    {
                      "input": 4,
                      "output": "#F56E6E"
                    },
                    {
                      "input": 5,
                      "output": "#F55353"
                    },
                    {
                      "input": 6,
                      "output": "#F53838"
                    },
                    {
                      "input": 7,
                      "output": "#F51D1D"
                    },
                    {
                      "input": 8,
                      "output": "#F50101"
                    },
                    {
                      "input": 9,
                      "output": "#D80101"
                    },
                    {
                      "input": 10,
                      "output": "#BC0101"
                    },
                    {
                      "input": 1,
                      "output": "#F6C1C1"
                    },
                    {
                      "input": 2,
                      "output": "#F6A5A5"
                    },
                    {
                      "input": 3,
                      "output": "#F68A8A"
                    }
                  ],
                  "outputType": "color",
                  "type": "map"
                }
              ],
              "type": "property"
            }
          },
          "props.text": {
            "binding": {
              "config": {
                "path": "view.params.year"
              },
              "transforms": [
                {
                  "code": "\treturn self.view.params.month + \u0027 \u0027 + str(value)\n\t",
                  "type": "script"
                }
              ],
              "type": "property"
            }
          }
        },
        "props": {
          "style": {
            "borderColor": "#D5D5D5",
            "borderLeftColor": "#FFFFFF",
            "borderLeftStyle": "solid",
            "borderWidth": "5px",
            "color": "#FFFFFF",
            "fontSize": 18,
            "fontWeight": "bold",
            "textAlign": "center"
          }
        },
        "type": "ia.display.label"
      },
      {
        "meta": {
          "name": "Label_0"
        },
        "position": {
          "basis": "32px",
          "grow": 1
        },
        "propConfig": {
          "props.style.backgroundColor": {
            "binding": {
              "config": {
                "path": "view.params.counter"
              },
              "transforms": [
                {
                  "fallback": "#FFFFFF",
                  "inputType": "scalar",
                  "mappings": [
                    {
                      "input": 4,
                      "output": "#F56E6E"
                    },
                    {
                      "input": 5,
                      "output": "#F55353"
                    },
                    {
                      "input": 6,
                      "output": "#F53838"
                    },
                    {
                      "input": 7,
                      "output": "#F51D1D"
                    },
                    {
                      "input": 8,
                      "output": "#F50101"
                    },
                    {
                      "input": 9,
                      "output": "#D80101"
                    },
                    {
                      "input": 10,
                      "output": "#BC0101"
                    },
                    {
                      "input": 1,
                      "output": "#F6C1C1"
                    },
                    {
                      "input": 2,
                      "output": "#F6A5A5"
                    },
                    {
                      "input": 3,
                      "output": "#F68A8A"
                    }
                  ],
                  "outputType": "color",
                  "type": "map"
                }
              ],
              "type": "property"
            }
          },
          "props.text": {
            "binding": {
              "config": {
                "path": "view.params.anomaly"
              },
              "type": "property"
            }
          }
        },
        "props": {
          "style": {
            "borderColor": "#D5D5D5",
            "borderLeftColor": "#FFFFFF",
            "borderLeftStyle": "solid",
            "borderWidth": "5px",
            "color": "#FFFFFF",
            "fontSize": 20,
            "fontWeight": "lighter",
            "textAlign": "center"
          }
        },
        "type": "ia.display.label"
      }
    ],
    "meta": {
      "name": "root"
    },
    "props": {
      "direction": "column"
    },
    "type": "ia.container.flex"
  }
}