{
  "custom": {
    "City": "Kumanovo",
    "Country": "Macedonia",
    "DataReady": 0
  },
  "propConfig": {
    "custom.anomalyInstances": {
      "binding": {
        "config": {
          "queryPath": "GlobalFunctionalities/MonthlyMeanAnomalies",
          "returnFormat": "json"
        },
        "transforms": [
          {
            "code": "\tmonths \u003d [\u0027Jan\u0027, \u0027Feb\u0027, \u0027Mar\u0027, \u0027Apr\u0027, \u0027May\u0027, \u0027Jun\u0027, \u0027Jul\u0027, \u0027Aug\u0027, \u0027Sep\u0027, \u0027Oct\u0027, \u0027Nov\u0027, \u0027Dec\u0027]\n\tinstances \u003d []\n\tnames \u003d []\n\tanomalies \u003d []\n\tyears \u003d []\n\tyear \u003d 0\n\tdict \u003d {}\n\tfor instance in value:\n\t\tfor key, val in instance.items():\n\t\t\tif key \u003d\u003d \u0027year\u0027:\n\t\t\t\tyear \u003d val\n\t\t\t\tyears.append(year)\n\t\t\tif key \u003d\u003d \u0027anomaly\u0027:\n\t\t\t\tanomalies.append(val)\n\t\t\tif key \u003d\u003d \u0027name\u0027:\n\t\t\t\tnames.append(val)\n\t\t\t\t\n\t\t# if we have a full year, create a item in the dictionary\n\t\tif len(anomalies) \u003d\u003d 12 and months \u003d\u003d names:\n\t\t\tdict[\u0027year\u0027] \u003d year\n\t\t\tvalues \u003d []\n\t\t\t\n\t\t\tfor anomaly, name in zip(anomalies, names):\n\t\t\t\tsub_dict \u003d {}\n\t\t\t\tsub_dict[\u0027color\u0027] \u003d MonthlyTemperatureAnomalies.get_color(anomaly)\n\t\t\t\tsub_dict[\u0027name\u0027] \u003d name\n\t\t\t\tsub_dict[\u0027value\u0027] \u003d 1\n\t\t\t\tvalues.append(sub_dict)\n\t\t\t\n\t\t\tdict[\u0027values\u0027] \u003d values\n\t\t\tinstances.append(dict)\n\t\t\tdict \u003d {}\n\t\t\tanomalies \u003d []\n\t\t\tnames \u003d []\n\t\t\tyears \u003d []\n\treturn instances\n\t\t\t",
            "type": "script"
          }
        ],
        "type": "query"
      }
    },
    "props.auth": {
      "access": "PRIVATE",
      "persistent": false
    },
    "props.device.accelerometer": {
      "access": "SYSTEM",
      "persistent": false
    },
    "props.device.identifier": {
      "access": "SYSTEM",
      "persistent": false
    },
    "props.device.timezone": {
      "access": "SYSTEM",
      "persistent": false
    },
    "props.device.type": {
      "access": "SYSTEM",
      "persistent": false
    },
    "props.device.userAgent": {
      "access": "SYSTEM",
      "persistent": false
    },
    "props.gateway": {
      "access": "SYSTEM",
      "persistent": false
    },
    "props.geolocation.data": {
      "access": "SYSTEM",
      "persistent": false
    },
    "props.geolocation.permissionGranted": {
      "access": "SYSTEM",
      "persistent": false
    },
    "props.host": {
      "access": "SYSTEM",
      "persistent": false
    },
    "props.id": {
      "access": "SYSTEM",
      "persistent": false
    },
    "props.lastActivity": {
      "access": "SYSTEM",
      "persistent": false
    }
  },
  "props": {
    "address": "127.0.0.1",
    "device": {},
    "geolocation": {},
    "locale": "en-US",
    "securityLevels": [],
    "theme": "light-warm",
    "timeZoneId": "Europe/Belgrade"
  }
}