{
  "custom": {},
  "params": {},
  "propConfig": {
    "params.feature": {
      "paramDirection": "input"
    },
    "params.key": {
      "paramDirection": "input"
    },
    "params.tier1": {
      "paramDirection": "input"
    },
    "params.tier2": {
      "paramDirection": "input"
    }
  },
  "props": {
    "defaultSize": {
      "height": 1002
    }
  },
  "root": {
    "children": [
      {
        "meta": {
          "name": "EmbeddedView_1"
        },
        "position": {
          "shrink": 0
        },
        "props": {
          "path": "Docks/Header Highlights"
        },
        "type": "ia.display.view"
      },
      {
        "children": [
          {
            "meta": {
              "name": "Label_0"
            },
            "position": {
              "basis": "700px",
              "grow": 1
            },
            "props": {
              "style": {
                "borderBottomColor": "#AAAAAA",
                "borderBottomStyle": "solid",
                "borderBottomWidth": 1,
                "borderLeftColor": "#AAAAAA",
                "borderLeftStyle": "none",
                "borderLeftWidth": 1,
                "borderRightColor": "#AAAAAA",
                "borderRightStyle": "none",
                "borderRightWidth": 1,
                "borderTopColor": "#AAAAAA",
                "borderTopStyle": "none",
                "borderTopWidth": 1,
                "fontSize": 16,
                "fontWeight": "bold",
                "paddingLeft": 5
              },
              "text": "TEMPERATURE AND CO2 CHART"
            },
            "type": "ia.display.label"
          }
        ],
        "meta": {
          "name": "Heading"
        },
        "position": {
          "shrink": 0
        },
        "type": "ia.container.flex"
      },
      {
        "meta": {
          "name": "EmbeddedView"
        },
        "propConfig": {
          "props.params.from": {
            "binding": {
              "config": {
                "path": "../EmbeddedView_2.props.params.from"
              },
              "type": "property"
            }
          },
          "props.params.to": {
            "binding": {
              "config": {
                "path": "../EmbeddedView_2.props.params.to"
              },
              "type": "property"
            }
          }
        },
        "props": {
          "path": "Docks/Highest Anomalies",
          "style": {
            "marginTop": 20,
            "paddingBottom": 10
          }
        },
        "type": "ia.display.view"
      },
      {
        "meta": {
          "name": "EmbeddedView_2"
        },
        "position": {
          "shrink": 0
        },
        "props": {
          "params": {
            "from": {
              "$": [
                "ts",
                192,
                1636214176593
              ],
              "$ts": 1420070400000
            },
            "to": {
              "$": [
                "ts",
                192,
                1636214176593
              ],
              "$ts": 1577836800000
            }
          },
          "path": "Docks/StartEndDate"
        },
        "type": "ia.display.view"
      },
      {
        "children": [
          {
            "children": [
              {
                "meta": {
                  "name": "Button"
                },
                "position": {
                  "height": 34,
                  "width": 80,
                  "x": 112,
                  "y": 63
                },
                "props": {
                  "image": {
                    "height": 40,
                    "icon": {
                      "color": "#FFFFFF",
                      "path": "material/arrow_back"
                    },
                    "width": 40
                  },
                  "style": {
                    "backgroundColor": "#4747FF"
                  },
                  "text": ""
                },
                "type": "ia.input.button"
              },
              {
                "meta": {
                  "name": "Button_0"
                },
                "position": {
                  "height": 34,
                  "width": 80,
                  "x": 12,
                  "y": 63
                },
                "props": {
                  "image": {
                    "height": 40,
                    "icon": {
                      "color": "#FFFFFF",
                      "path": "material/arrow_forward"
                    },
                    "width": 40
                  },
                  "style": {
                    "backgroundColor": "#4747FF"
                  },
                  "text": ""
                },
                "type": "ia.input.button"
              }
            ],
            "meta": {
              "name": "CoordinateContainer"
            },
            "position": {
              "basis": "200px"
            },
            "type": "ia.container.coord"
          },
          {
            "meta": {
              "name": "XYChart"
            },
            "propConfig": {
              "props.dataSources.example": {
                "binding": {
                  "config": {
                    "queryPath": "ResultChartAnomalies",
                    "returnFormat": "json"
                  },
                  "type": "query"
                }
              },
              "props.series[0].column.appearance.fill.color": {
                "binding": {
                  "config": {
                    "struct": {
                      "valueY": "{valueY}"
                    },
                    "waitOnAll": true
                  },
                  "transforms": [
                    {
                      "fallback": "#4747FF",
                      "inputType": "range",
                      "mappings": [
                        {
                          "input": {
                            "max": 0,
                            "min": -5
                          },
                          "output": "#4747FF"
                        },
                        {
                          "input": {
                            "max": 5,
                            "min": 0
                          },
                          "output": "#D90000"
                        }
                      ],
                      "outputType": "color",
                      "type": "map"
                    }
                  ],
                  "type": "expr-struct"
                }
              },
              "props.series[0].column.appearance.stroke.color": {
                "binding": {
                  "config": {
                    "struct": {
                      "key": "{valueY}"
                    },
                    "waitOnAll": true
                  },
                  "transforms": [
                    {
                      "fallback": "#4747FF",
                      "inputType": "range",
                      "mappings": [
                        {
                          "input": {
                            "max": 5,
                            "min": 0
                          },
                          "output": "#D90000"
                        },
                        {
                          "input": {
                            "max": 0,
                            "min": -5
                          },
                          "output": "#4747FF"
                        }
                      ],
                      "outputType": "color",
                      "type": "map"
                    }
                  ],
                  "type": "expr-struct"
                }
              }
            },
            "props": {
              "cursor": {
                "series": "example"
              },
              "dataSources": {},
              "legend": {
                "enabled": false
              },
              "scrollBars": {
                "vertical": {
                  "series": "example"
                }
              },
              "series": [
                {
                  "candlestick": {
                    "appearance": {
                      "deriveFieldsFromData": {
                        "fill": {
                          "color": "",
                          "opacity": ""
                        },
                        "stroke": {
                          "color": "",
                          "opacity": "",
                          "width": ""
                        }
                      },
                      "fill": {
                        "color": "",
                        "opacity": 1
                      },
                      "heatRules": {
                        "dataField": "",
                        "enabled": false,
                        "max": "",
                        "min": ""
                      },
                      "stacked": false,
                      "stroke": {
                        "color": "",
                        "opacity": 1,
                        "width": 1
                      }
                    },
                    "high": {
                      "x": "",
                      "y": ""
                    },
                    "low": {
                      "x": "",
                      "y": ""
                    },
                    "open": {
                      "x": "",
                      "y": ""
                    }
                  },
                  "column": {
                    "appearance": {
                      "deriveFieldsFromData": {
                        "fill": {
                          "color": "",
                          "opacity": ""
                        },
                        "stroke": {
                          "color": "",
                          "opacity": "",
                          "width": ""
                        }
                      },
                      "fill": {
                        "opacity": 1
                      },
                      "heatRules": {
                        "dataField": "anomaly",
                        "enabled": false,
                        "max": "#FF0000",
                        "min": "#483DA4"
                      },
                      "height": null,
                      "stacked": true,
                      "stroke": {
                        "opacity": 1,
                        "width": 1
                      },
                      "width": null
                    },
                    "open": {
                      "x": "",
                      "y": ""
                    }
                  },
                  "data": {
                    "source": "example",
                    "x": "t_stamp",
                    "y": "process_temp"
                  },
                  "defaultState": {
                    "visible": true
                  },
                  "hiddenInLegend": false,
                  "label": {
                    "text": "Anomaly"
                  },
                  "line": {
                    "appearance": {
                      "bullets": [
                        {
                          "deriveFieldsFromData": {
                            "fill": {
                              "color": "",
                              "opacity": ""
                            },
                            "rotation": "",
                            "stroke": {
                              "color": "",
                              "opacity": "",
                              "width": ""
                            }
                          },
                          "enabled": false,
                          "fill": {
                            "color": "",
                            "opacity": 1
                          },
                          "heatRules": {
                            "dataField": "",
                            "enabled": false,
                            "max": 100,
                            "min": 2
                          },
                          "height": 10,
                          "label": {
                            "position": {
                              "dx": 0,
                              "dy": 0
                            },
                            "text": "{value}"
                          },
                          "render": "circle",
                          "rotation": 0,
                          "stroke": {
                            "color": "",
                            "opacity": 1,
                            "width": 1
                          },
                          "tooltip": {
                            "background": {
                              "color": "",
                              "opacity": 1
                            },
                            "cornerRadius": 3,
                            "enabled": true,
                            "pointerLength": 4,
                            "text": "{name}: [bold]{valueY}[/]"
                          },
                          "width": 10
                        }
                      ],
                      "connect": true,
                      "fill": {
                        "color": "",
                        "opacity": 0
                      },
                      "minDistance": 0.5,
                      "stroke": {
                        "color": "",
                        "dashArray": "",
                        "opacity": 1,
                        "width": 3
                      },
                      "tensionX": 1,
                      "tensionY": 1
                    },
                    "open": {
                      "x": "",
                      "y": ""
                    }
                  },
                  "name": "process temp",
                  "render": "column",
                  "stepLine": {
                    "appearance": {
                      "bullets": [
                        {
                          "deriveFieldsFromData": {
                            "fill": {
                              "color": "",
                              "opacity": ""
                            },
                            "rotation": "",
                            "stroke": {
                              "color": "",
                              "opacity": "",
                              "width": ""
                            }
                          },
                          "enabled": true,
                          "fill": {
                            "color": "",
                            "opacity": 1
                          },
                          "heatRules": {
                            "dataField": "",
                            "enabled": false,
                            "max": 100,
                            "min": 2
                          },
                          "height": 10,
                          "label": {
                            "position": {
                              "dx": 0,
                              "dy": 0
                            },
                            "text": "{value}"
                          },
                          "render": "circle",
                          "rotation": 0,
                          "stroke": {
                            "color": "",
                            "opacity": 1,
                            "width": 1
                          },
                          "tooltip": {
                            "background": {
                              "color": "",
                              "opacity": 1
                            },
                            "cornerRadius": 3,
                            "enabled": true,
                            "pointerLength": 4,
                            "text": "{name}: [bold]{valueY}[/]"
                          },
                          "width": 10
                        }
                      ],
                      "connect": true,
                      "fill": {
                        "color": "",
                        "opacity": 0
                      },
                      "minDistance": 0.5,
                      "stroke": {
                        "color": "",
                        "dashArray": "",
                        "opacity": 1,
                        "width": 3
                      },
                      "tensionX": 1,
                      "tensionY": 1
                    },
                    "open": {
                      "x": "",
                      "y": ""
                    }
                  },
                  "tooltip": {
                    "background": {
                      "color": "",
                      "opacity": 1
                    },
                    "cornerRadius": 3,
                    "enabled": true,
                    "pointerLength": 4,
                    "text": "{name}: [bold]{valueY}[/]"
                  },
                  "visible": true,
                  "xAxis": "time",
                  "yAxis": "process temp",
                  "zIndex": 0
                }
              ],
              "xAxes": [
                {
                  "appearance": {
                    "font": {
                      "size": "",
                      "weight": 500
                    },
                    "grid": {
                      "color": "",
                      "dashArray": "",
                      "minDistance": 60,
                      "opacity": 0.3,
                      "position": 0.5
                    },
                    "inside": false,
                    "labels": {
                      "color": "",
                      "opacity": 1
                    },
                    "opposite": false
                  },
                  "category": {
                    "break": {
                      "enabled": false,
                      "endCategory": "",
                      "size": 0.05,
                      "startCategory": ""
                    }
                  },
                  "date": {
                    "baseInterval": {
                      "count": 1,
                      "enabled": false,
                      "skipEmptyPeriods": false,
                      "timeUnit": "hour"
                    },
                    "break": {
                      "enabled": false,
                      "endDate": "",
                      "size": 0.05,
                      "startDate": ""
                    },
                    "format": "M/d/yyyy",
                    "inputFormat": "yyyy-MM-dd kk:mm:ss",
                    "range": {
                      "max": "",
                      "min": "",
                      "useStrict": false
                    }
                  },
                  "inversed": false,
                  "label": {
                    "color": "",
                    "enabled": true,
                    "text": ""
                  },
                  "name": "time",
                  "render": "date",
                  "tooltip": {
                    "background": {
                      "color": "",
                      "opacity": 1
                    },
                    "cornerRadius": 3,
                    "enabled": true,
                    "pointerLength": 4,
                    "text": ""
                  },
                  "value": {
                    "break": {
                      "enabled": false,
                      "endValue": 100,
                      "size": 0.05,
                      "startValue": 0
                    },
                    "format": "#,###.##",
                    "logarithmic": false,
                    "range": {
                      "max": "",
                      "min": "",
                      "useStrict": false
                    }
                  },
                  "visible": true
                }
              ],
              "yAxes": [
                {
                  "appearance": {
                    "font": {
                      "size": "",
                      "weight": 500
                    },
                    "grid": {
                      "color": "",
                      "dashArray": "",
                      "minDistance": null,
                      "opacity": 0.3,
                      "position": 0.5
                    },
                    "inside": false,
                    "labels": {
                      "color": "",
                      "opacity": 1
                    },
                    "opposite": false
                  },
                  "category": {
                    "break": {
                      "enabled": false,
                      "endCategory": "",
                      "size": 0.05,
                      "startCategory": ""
                    }
                  },
                  "date": {
                    "baseInterval": {
                      "count": 1,
                      "enabled": false,
                      "skipEmptyPeriods": false,
                      "timeUnit": "hour"
                    },
                    "break": {
                      "enabled": false,
                      "endDate": "",
                      "size": 0.05,
                      "startDate": ""
                    },
                    "format": "M/d/yyyy HH:mm:ss",
                    "inputFormat": "yyyy-MM-dd kk:mm:ss",
                    "range": {
                      "max": "",
                      "min": "",
                      "useStrict": false
                    }
                  },
                  "inversed": false,
                  "label": {
                    "color": "",
                    "enabled": true,
                    "text": ""
                  },
                  "name": "process temp",
                  "render": "value",
                  "tooltip": {
                    "background": {
                      "color": "",
                      "opacity": 1
                    },
                    "cornerRadius": 3,
                    "enabled": true,
                    "pointerLength": 4,
                    "text": ""
                  },
                  "value": {
                    "break": {
                      "enabled": false,
                      "endValue": 100,
                      "size": 0.05,
                      "startValue": 0
                    },
                    "format": "#,###.##",
                    "logarithmic": false,
                    "range": {
                      "max": "",
                      "min": "",
                      "useStrict": true
                    }
                  },
                  "visible": true
                }
              ]
            },
            "type": "ia.chart.xy"
          }
        ],
        "meta": {
          "name": "FlexContainer_1"
        },
        "position": {
          "grow": 1
        },
        "props": {
          "direction": "column",
          "justify": "center"
        },
        "type": "ia.container.flex"
      }
    ],
    "meta": {
      "name": "root"
    },
    "props": {
      "direction": "column",
      "style": {
        "classes": "Page/Page",
        "paddingBottom": 10,
        "paddingLeft": 10,
        "paddingRight": 10,
        "paddingTop": 10
      }
    },
    "type": "ia.container.flex"
  }
}