{
  "custom": {},
  "params": {},
  "propConfig": {
    "params.feature": {
      "paramDirection": "input"
    },
    "params.key": {
      "paramDirection": "input"
    },
    "params.tier1": {
      "paramDirection": "input"
    },
    "params.tier2": {
      "paramDirection": "input"
    }
  },
  "props": {
    "defaultSize": {
      "height": 1002
    }
  },
  "root": {
    "children": [
      {
        "meta": {
          "name": "EmbeddedView_1"
        },
        "position": {
          "shrink": 0
        },
        "props": {
          "path": "Docks/Header Highlights"
        },
        "type": "ia.display.view"
      },
      {
        "children": [
          {
            "meta": {
              "name": "Label_0"
            },
            "position": {
              "basis": "700px",
              "grow": 1
            },
            "props": {
              "style": {
                "borderBottomColor": "#AAAAAA",
                "borderBottomStyle": "solid",
                "borderBottomWidth": 1,
                "borderLeftColor": "#AAAAAA",
                "borderLeftStyle": "none",
                "borderLeftWidth": 1,
                "borderRightColor": "#AAAAAA",
                "borderRightStyle": "none",
                "borderRightWidth": 1,
                "borderTopColor": "#AAAAAA",
                "borderTopStyle": "none",
                "borderTopWidth": 1,
                "fontSize": 16,
                "fontWeight": "bold",
                "paddingLeft": 5
              },
              "text": "TEMPERATURE AND CO2 CHART"
            },
            "type": "ia.display.label"
          }
        ],
        "meta": {
          "name": "Heading"
        },
        "position": {
          "shrink": 0
        },
        "type": "ia.container.flex"
      },
      {
        "children": [
          {
            "children": [
              {
                "children": [
                  {
                    "meta": {
                      "name": "Label"
                    },
                    "position": {
                      "basis": "30px",
                      "grow": 1
                    },
                    "propConfig": {
                      "props.text": {
                        "binding": {
                          "config": {
                            "expression": "\u0027Highest CO2 in history for \u0027 + {session.custom.Country}"
                          },
                          "type": "expr"
                        }
                      }
                    },
                    "props": {
                      "style": {
                        "color": "#AAAAAA",
                        "paddingBottom": 10,
                        "paddingTop": 10
                      }
                    },
                    "type": "ia.display.label"
                  },
                  {
                    "meta": {
                      "name": "Space"
                    },
                    "position": {
                      "basis": "10px",
                      "grow": 1
                    },
                    "props": {
                      "style": {
                        "borderTopColor": "#AAAAAA",
                        "borderTopStyle": "solid",
                        "borderTopWidth": "1px",
                        "paddingBottom": 5
                      }
                    },
                    "type": "ia.display.label"
                  }
                ],
                "meta": {
                  "name": "FlexContainer"
                },
                "position": {
                  "basis": "235px",
                  "grow": 1
                },
                "props": {
                  "direction": "column",
                  "wrap": "wrap"
                },
                "type": "ia.container.flex"
              },
              {
                "meta": {
                  "name": "Label"
                },
                "position": {
                  "basis": "50%",
                  "grow": 1,
                  "shrink": 10
                },
                "propConfig": {
                  "props.text": {
                    "binding": {
                      "config": {
                        "parameters": {
                          "Country": "{session.custom.Country}"
                        },
                        "queryPath": "TemperaturesAndCO2Functionalities/HighestCO2"
                      },
                      "transforms": [
                        {
                          "code": "\treturn str(value.getValueAt(0, \u0027co2\u0027)) + \u0027 megaton of CO2 in \u0027 + str(value.getValueAt(0, \u0027year\u0027)) ",
                          "type": "script"
                        }
                      ],
                      "type": "query"
                    }
                  }
                },
                "props": {
                  "style": {
                    "fontSize": 16,
                    "textAlign": "center"
                  }
                },
                "type": "ia.display.label"
              }
            ],
            "meta": {
              "name": "Highest CO2"
            },
            "position": {
              "basis": "376px",
              "shrink": 0
            },
            "props": {
              "justify": "center",
              "style": {
                "backgroundColor": "#FFFFFF",
                "borderBottomLeftRadius": 20,
                "borderBottomRightRadius": 20,
                "borderStyle": "hidden",
                "borderTopLeftRadius": 20,
                "borderTopRightRadius": 20,
                "classes": "Menu/Dropdown Menu/Shadow"
              },
              "wrap": "wrap"
            },
            "type": "ia.container.flex"
          }
        ],
        "meta": {
          "name": "FlexContainer_0"
        },
        "position": {
          "basis": "127px",
          "shrink": 0
        },
        "props": {
          "justify": "center",
          "style": {
            "borderBottomColor": "#AAAAAA",
            "borderBottomStyle": "solid",
            "borderBottomWidth": "1px"
          },
          "wrap": "wrap"
        },
        "type": "ia.container.flex"
      },
      {
        "meta": {
          "name": "EmbeddedView_2"
        },
        "position": {
          "shrink": 0
        },
        "props": {
          "params": {
            "from": {
              "$": [
                "ts",
                192,
                1636214176593
              ],
              "$ts": 1420070400000
            },
            "to": {
              "$": [
                "ts",
                192,
                1636214176593
              ],
              "$ts": 1577836800000
            }
          },
          "path": "Docks/StartEndDate"
        },
        "type": "ia.display.view"
      },
      {
        "children": [
          {
            "events": {
              "component": {
                "onActionPerformed": {
                  "config": {
                    "script": "\tend \u003d self.parent.parent.getChild(\"EmbeddedView_2\").props.params.to\n\tstart \u003d self.parent.parent.getChild(\"EmbeddedView_2\").props.params.from\n\tcity \u003d self.session.custom.City\n\tcountry \u003d self.session.custom.Country\n\t\n\tif city is not None and country is not None:\n\t\tnamedQuery \u003d \"FilterTemperatureData\"\n\t\tparameters\u003d{\"StartDate\":start, \"EndDate\":end, \"Country\":country, \"City\":city}\n\t\tsystem.db.runNamedQuery(path\u003dnamedQuery, parameters\u003dparameters)\n\t\tself.getSibling(\"TimeSeriesChart\").refreshBinding(\"props.series[0].data\")\n\t"
                  },
                  "scope": "G",
                  "type": "script"
                }
              }
            },
            "meta": {
              "name": "Checkbox"
            },
            "props": {
              "checkedIcon": {
                "color": {
                  "enabled": "#D8385E"
                }
              },
              "selected": true,
              "text": "Temperature"
            },
            "scripts": {
              "customMethods": [],
              "extensionFunctions": null,
              "messageHandlers": [
                {
                  "messageType": "unselectTemperature",
                  "pageScope": true,
                  "script": "\t# implement your handler here\n\tself.props.selected \u003d False",
                  "sessionScope": false,
                  "viewScope": false
                }
              ]
            },
            "type": "ia.input.checkbox"
          },
          {
            "events": {
              "component": {
                "onActionPerformed": {
                  "config": {
                    "script": "\tend \u003d self.parent.parent.getChild(\"EmbeddedView_2\").props.params.to\n\tstart \u003d self.parent.parent.getChild(\"EmbeddedView_2\").props.params.from\n\tcity \u003d self.session.custom.City\n\tcountry \u003d self.session.custom.Country\n\t\n\tif city is not None and country is not None:\n\t\tnamedQuery \u003d \"FilterCO2Data\"\n\t\tparameters\u003d{\"StartDate\":start, \"EndDate\":end, \"Country\":country, \"City\":city}\n\t\tsystem.db.runNamedQuery(path\u003dnamedQuery, parameters\u003dparameters)\n\t\tself.getSibling(\"TimeSeriesChart\").refreshBinding(\"props.series[1].data\")\n\t"
                  },
                  "scope": "G",
                  "type": "script"
                }
              }
            },
            "meta": {
              "name": "Checkbox_0"
            },
            "props": {
              "selected": true,
              "text": "CO2"
            },
            "scripts": {
              "customMethods": [],
              "extensionFunctions": null,
              "messageHandlers": [
                {
                  "messageType": "unselectCO2",
                  "pageScope": true,
                  "script": "\t# implement your handler here\n\tself.props.selected \u003d False",
                  "sessionScope": false,
                  "viewScope": false
                }
              ]
            },
            "type": "ia.input.checkbox"
          },
          {
            "meta": {
              "name": "TimeSeriesChart"
            },
            "position": {
              "grow": 1
            },
            "propConfig": {
              "props.plots[0].trends[0].visible": {
                "binding": {
                  "config": {
                    "path": "../Checkbox.props.selected"
                  },
                  "type": "property"
                }
              },
              "props.plots[0].trends[1].visible": {
                "binding": {
                  "config": {
                    "path": "../Checkbox_0.props.selected"
                  },
                  "type": "property"
                }
              },
              "props.series[0].data": {
                "binding": {
                  "config": {
                    "queryPath": "ResultChartTemperature",
                    "returnFormat": "json"
                  },
                  "type": "query"
                }
              },
              "props.series[1].data": {
                "binding": {
                  "config": {
                    "queryPath": "ResultChartCO2",
                    "returnFormat": "json"
                  },
                  "type": "query"
                }
              }
            },
            "props": {
              "defaultStyles": {
                "colors": [
                  "#DD3333",
                  "#0000AC",
                  "#C9D72D"
                ]
              },
              "legend": {
                "position": "top",
                "style": {
                  "fontSize": "15px"
                }
              },
              "plots": [
                {
                  "axes": [],
                  "markers": [],
                  "trends": [
                    {
                      "axis": "",
                      "baselines": [],
                      "breakLine": true,
                      "columns": [
                        {
                          "color": "#E35063",
                          "key": "TEMPERATURE",
                          "styles": {
                            "highlighted": {
                              "fill": {
                                "color": "",
                                "opacity": null
                              },
                              "stroke": {
                                "color": "",
                                "dashArray": null,
                                "opacity": null,
                                "width": null
                              }
                            },
                            "muted": {
                              "fill": {
                                "color": "",
                                "opacity": null
                              },
                              "stroke": {
                                "color": "",
                                "dashArray": null,
                                "opacity": null,
                                "width": null
                              }
                            },
                            "normal": {
                              "fill": {
                                "color": "",
                                "opacity": null
                              },
                              "stroke": {
                                "color": "",
                                "dashArray": null,
                                "opacity": null,
                                "width": null
                              }
                            },
                            "selected": {
                              "fill": {
                                "color": "",
                                "opacity": null
                              },
                              "stroke": {
                                "color": "",
                                "dashArray": null,
                                "opacity": null,
                                "width": null
                              }
                            }
                          }
                        }
                      ],
                      "interpolation": "curveLinear",
                      "radius": 2,
                      "series": "Temperature",
                      "stack": true,
                      "type": "line"
                    },
                    {
                      "axis": "",
                      "baselines": [],
                      "breakLine": true,
                      "columns": [
                        {
                          "color": "#3642D8",
                          "key": "CO2",
                          "styles": {
                            "highlighted": {
                              "fill": {
                                "color": "",
                                "opacity": null
                              },
                              "stroke": {
                                "color": "",
                                "dashArray": null,
                                "opacity": null,
                                "width": null
                              }
                            },
                            "muted": {
                              "fill": {
                                "color": "",
                                "opacity": null
                              },
                              "stroke": {
                                "color": "",
                                "dashArray": null,
                                "opacity": null,
                                "width": null
                              }
                            },
                            "normal": {
                              "fill": {
                                "color": "",
                                "opacity": null
                              },
                              "stroke": {
                                "color": "",
                                "dashArray": null,
                                "opacity": null,
                                "width": null
                              }
                            },
                            "selected": {
                              "fill": {
                                "color": "",
                                "opacity": null
                              },
                              "stroke": {
                                "color": "",
                                "dashArray": null,
                                "opacity": null,
                                "width": null
                              }
                            }
                          }
                        }
                      ],
                      "interpolation": "curveLinear",
                      "radius": 2,
                      "series": "CO2",
                      "stack": true,
                      "type": "line"
                    }
                  ]
                }
              ],
              "series": [
                {
                  "name": "Temperature"
                },
                {
                  "name": "CO2"
                }
              ],
              "style": {
                "marginLeft": -40
              },
              "timeRange": {
                "dateFormat": "YYYY-MM-DD",
                "timeFormat": "None",
                "visible": false
              }
            },
            "type": "ia.chart.timeseries"
          }
        ],
        "meta": {
          "name": "FlexContainer_1"
        },
        "position": {
          "grow": 1
        },
        "props": {
          "direction": "column",
          "justify": "center"
        },
        "type": "ia.container.flex"
      }
    ],
    "meta": {
      "name": "root"
    },
    "props": {
      "direction": "column",
      "style": {
        "classes": "Page/Page",
        "paddingBottom": 10,
        "paddingLeft": 10,
        "paddingRight": 10,
        "paddingTop": 10
      }
    },
    "type": "ia.container.flex"
  }
}