{
  "custom": {},
  "events": {
    "system": {
      "onStartup": {
        "config": {
          "script": "\tself.session.custom.Country \u003d \u0027Macedonia\u0027\n\tself.session.custom.City \u003d \u0027Kumanovo\u0027"
        },
        "scope": "G",
        "type": "script"
      }
    }
  },
  "params": {},
  "propConfig": {
    "params.feature": {
      "paramDirection": "input"
    },
    "params.key": {
      "paramDirection": "input"
    },
    "params.tier1": {
      "paramDirection": "input"
    },
    "params.tier2": {
      "paramDirection": "input"
    }
  },
  "props": {
    "defaultSize": {
      "height": 1002
    }
  },
  "root": {
    "children": [
      {
        "meta": {
          "name": "EmbeddedView_1"
        },
        "position": {
          "shrink": 0
        },
        "props": {
          "params": {
            "Country": "Algeria"
          },
          "path": "Docks/Header Highlights"
        },
        "type": "ia.display.view"
      },
      {
        "children": [
          {
            "meta": {
              "name": "Label_0"
            },
            "position": {
              "basis": "700px",
              "grow": 1
            },
            "propConfig": {
              "props.text": {
                "binding": {
                  "config": {
                    "expression": "\"TEMPERATURE HIGHLIGHTS FOR \" + {session.custom.City} + \", \" + {session.custom.Country}"
                  },
                  "type": "expr"
                }
              }
            },
            "props": {
              "style": {
                "borderBottomColor": "#AAAAAA",
                "borderBottomStyle": "solid",
                "borderBottomWidth": 1,
                "borderLeftColor": "#AAAAAA",
                "borderLeftStyle": "none",
                "borderLeftWidth": 1,
                "borderRightColor": "#AAAAAA",
                "borderRightStyle": "none",
                "borderRightWidth": 1,
                "borderTopColor": "#AAAAAA",
                "borderTopStyle": "none",
                "borderTopWidth": 1,
                "fontSize": 16,
                "fontWeight": "bold",
                "paddingLeft": 5,
                "textTransform": "uppercase"
              }
            },
            "type": "ia.display.label"
          }
        ],
        "meta": {
          "name": "Heading"
        },
        "position": {
          "shrink": 0
        },
        "type": "ia.container.flex"
      },
      {
        "meta": {
          "name": "Space_1"
        },
        "position": {
          "basis": "25px",
          "shrink": 0
        },
        "type": "ia.display.label"
      },
      {
        "children": [
          {
            "meta": {
              "name": "Icon"
            },
            "position": {
              "basis": "30px"
            },
            "propConfig": {
              "props.color": {
                "binding": {
                  "config": {
                    "path": "this.props.path"
                  },
                  "transforms": [
                    {
                      "fallback": "#0000AC",
                      "inputType": "scalar",
                      "mappings": [
                        {
                          "input": "material/arrow_upward",
                          "output": "#AC0000"
                        }
                      ],
                      "outputType": "color",
                      "type": "map"
                    }
                  ],
                  "type": "property"
                }
              },
              "props.path": {
                "binding": {
                  "config": {
                    "parameters": {
                      "City": "{session.custom.City}",
                      "Country": "{session.custom.Country}",
                      "EndDate": "now()"
                    },
                    "queryPath": "HighlightsFunctionalities/DifferenceLastWeek",
                    "returnFormat": "scalar"
                  },
                  "transforms": [
                    {
                      "expression": "if(abs({value}) \u003d {value}, \u0027material/arrow_upward\u0027, \u0027material/arrow_downward\u0027)",
                      "type": "expression"
                    }
                  ],
                  "type": "query"
                }
              }
            },
            "type": "ia.display.icon"
          },
          {
            "meta": {
              "name": "Label_0"
            },
            "position": {
              "basis": "700px",
              "grow": 1
            },
            "propConfig": {
              "props.text": {
                "binding": {
                  "config": {
                    "parameters": {
                      "City": "{session.custom.City}",
                      "Country": "{session.custom.Country}",
                      "EndDate": "now()"
                    },
                    "queryPath": "HighlightsFunctionalities/DifferenceLastWeek",
                    "returnFormat": "scalar"
                  },
                  "transforms": [
                    {
                      "expression": "\u0027for \u0027 + round(abs({value}), 2) + \u0027% than last week\u0027",
                      "type": "expression"
                    }
                  ],
                  "type": "query"
                }
              }
            },
            "props": {
              "style": {
                "color": "#808080",
                "fontWeight": "bolder",
                "paddingLeft": 5
              }
            },
            "type": "ia.display.label"
          }
        ],
        "meta": {
          "name": "FlexContainer"
        },
        "position": {
          "shrink": 0
        },
        "props": {
          "style": {
            "textTransform": "uppercase"
          }
        },
        "type": "ia.container.flex"
      },
      {
        "meta": {
          "name": "EmbeddedView"
        },
        "position": {
          "shrink": 0
        },
        "props": {
          "path": "Docks/Week News"
        },
        "type": "ia.display.view"
      },
      {
        "meta": {
          "name": "Space"
        },
        "position": {
          "basis": "25px",
          "shrink": 0
        },
        "type": "ia.display.label"
      },
      {
        "children": [
          {
            "meta": {
              "name": "Label_0"
            },
            "position": {
              "basis": "340px",
              "shrink": 0
            },
            "props": {
              "style": {
                "color": "#808080",
                "fontWeight": "bold",
                "marginBottom": 10,
                "paddingLeft": 5,
                "textAlign": "center",
                "textTransform": "uppercase"
              },
              "text": "Calcuations based on mean temperature"
            },
            "type": "ia.display.label"
          }
        ],
        "meta": {
          "name": "FlexContainer_1"
        },
        "position": {
          "shrink": 0
        },
        "props": {
          "justify": "center",
          "wrap": "wrap"
        },
        "type": "ia.container.flex"
      },
      {
        "children": [
          {
            "children": [
              {
                "children": [
                  {
                    "meta": {
                      "name": "Label"
                    },
                    "position": {
                      "basis": "179px",
                      "shrink": 0
                    },
                    "props": {
                      "style": {
                        "color": "#AAAAAA",
                        "paddingBottom": 10,
                        "paddingTop": 10
                      },
                      "text": "Warmest decade"
                    },
                    "type": "ia.display.label"
                  },
                  {
                    "meta": {
                      "name": "Space"
                    },
                    "position": {
                      "basis": "10px",
                      "grow": 1
                    },
                    "props": {
                      "style": {
                        "borderTopColor": "#AAAAAA",
                        "borderTopStyle": "solid",
                        "borderTopWidth": "1px",
                        "paddingBottom": 5
                      }
                    },
                    "type": "ia.display.label"
                  }
                ],
                "meta": {
                  "name": "FlexContainer"
                },
                "position": {
                  "basis": "180px",
                  "shrink": 0
                },
                "props": {
                  "wrap": "wrap"
                },
                "type": "ia.container.flex"
              },
              {
                "meta": {
                  "name": "Label"
                },
                "position": {
                  "basis": "50%",
                  "shrink": 0
                },
                "propConfig": {
                  "props.text": {
                    "binding": {
                      "config": {
                        "path": "parent.custom.ResultWarmestDecade[0].range"
                      },
                      "type": "property"
                    }
                  }
                },
                "type": "ia.display.label"
              },
              {
                "meta": {
                  "name": "Thermometer"
                },
                "position": {
                  "basis": "65px",
                  "shrink": 0
                },
                "propConfig": {
                  "props.value": {
                    "binding": {
                      "config": {
                        "path": "parent.custom.ResultWarmestDecade[0].value"
                      },
                      "type": "property"
                    }
                  }
                },
                "props": {
                  "highBound": 50,
                  "intervals": null,
                  "lowBound": -50,
                  "mercuryColor": "#AC0000",
                  "valueFont": {
                    "fontSize": 30
                  },
                  "valueFontColor": "#FFFFFF"
                },
                "type": "ia.display.thermometer"
              }
            ],
            "meta": {
              "name": "Warmest Decade"
            },
            "position": {
              "basis": "200px",
              "shrink": 0
            },
            "propConfig": {
              "custom.ResultWarmestDecade": {
                "binding": {
                  "config": {
                    "parameters": {
                      "City": "{session.custom.City}",
                      "Country": "{session.custom.Country}"
                    },
                    "queryPath": "HighlightsFunctionalities/WarmestDecade",
                    "returnFormat": "json"
                  },
                  "type": "query"
                }
              }
            },
            "props": {
              "justify": "center",
              "style": {
                "backgroundColor": "#FFFFFF",
                "borderBottomLeftRadius": 20,
                "borderBottomRightRadius": 20,
                "borderStyle": "hidden",
                "borderTopLeftRadius": 20,
                "borderTopRightRadius": 20,
                "classes": "Menu/Dropdown Menu/Shadow",
                "margin": 10,
                "padding": 10
              },
              "wrap": "wrap"
            },
            "scripts": {
              "customMethods": [],
              "extensionFunctions": null,
              "messageHandlers": [
                {
                  "messageType": "refresh",
                  "pageScope": true,
                  "script": "\t# implement your handler here\n\tself.refreshBinding(\"custom.ResultWarmestDecade\")",
                  "sessionScope": false,
                  "viewScope": false
                }
              ]
            },
            "type": "ia.container.flex"
          },
          {
            "children": [
              {
                "children": [
                  {
                    "meta": {
                      "name": "Label"
                    },
                    "position": {
                      "basis": "180px",
                      "shrink": 0
                    },
                    "props": {
                      "style": {
                        "color": "#AAAAAA",
                        "paddingBottom": 10,
                        "paddingTop": 10
                      },
                      "text": "Coldest month"
                    },
                    "type": "ia.display.label"
                  },
                  {
                    "meta": {
                      "name": "Space"
                    },
                    "position": {
                      "basis": "10px",
                      "grow": 1
                    },
                    "props": {
                      "style": {
                        "borderTopColor": "#AAAAAA",
                        "borderTopStyle": "solid",
                        "borderTopWidth": "1px",
                        "paddingBottom": 5
                      }
                    },
                    "type": "ia.display.label"
                  }
                ],
                "meta": {
                  "name": "FlexContainer"
                },
                "position": {
                  "basis": "180px",
                  "shrink": 0
                },
                "props": {
                  "wrap": "wrap"
                },
                "type": "ia.container.flex"
              },
              {
                "meta": {
                  "name": "Label"
                },
                "position": {
                  "basis": "50%",
                  "shrink": 0
                },
                "propConfig": {
                  "props.text": {
                    "binding": {
                      "config": {
                        "path": "parent.custom.ResultColdestMonth[0].date"
                      },
                      "type": "property"
                    }
                  }
                },
                "type": "ia.display.label"
              },
              {
                "meta": {
                  "name": "Thermometer"
                },
                "position": {
                  "basis": "65px",
                  "shrink": 0
                },
                "props": {
                  "highBound": 50,
                  "intervals": null,
                  "lowBound": -50,
                  "mercuryColor": "#0000AC",
                  "value": -8.6,
                  "valueFont": {
                    "fontSize": 30
                  },
                  "valueFontColor": "#FFFFFF"
                },
                "type": "ia.display.thermometer"
              }
            ],
            "meta": {
              "name": "Coldest Month"
            },
            "position": {
              "basis": "200px",
              "shrink": 0
            },
            "propConfig": {
              "custom.ResultColdestMonth": {
                "binding": {
                  "config": {
                    "parameters": {
                      "City": "{session.custom.City}",
                      "Country": "{session.custom.Country}",
                      "Functionality": "\u0027min\u0027"
                    },
                    "queryPath": "HighlightsFunctionalities/MonthCalculations",
                    "returnFormat": "json"
                  },
                  "type": "query"
                }
              }
            },
            "props": {
              "justify": "center",
              "style": {
                "backgroundColor": "#FFFFFF",
                "borderBottomLeftRadius": 20,
                "borderBottomRightRadius": 20,
                "borderStyle": "hidden",
                "borderTopLeftRadius": 20,
                "borderTopRightRadius": 20,
                "classes": "Menu/Dropdown Menu/Shadow",
                "margin": 10,
                "padding": 10
              },
              "wrap": "wrap"
            },
            "scripts": {
              "customMethods": [],
              "extensionFunctions": null,
              "messageHandlers": [
                {
                  "messageType": "refresh",
                  "pageScope": true,
                  "script": "\t# implement your handler here\n\tself.refreshBinding(\"custom.ResultColdestMonth\")",
                  "sessionScope": false,
                  "viewScope": false
                }
              ]
            },
            "type": "ia.container.flex"
          },
          {
            "children": [
              {
                "children": [
                  {
                    "meta": {
                      "name": "Label"
                    },
                    "position": {
                      "basis": "180px"
                    },
                    "props": {
                      "style": {
                        "color": "#AAAAAA",
                        "paddingBottom": 10,
                        "paddingTop": 10
                      },
                      "text": "Warmest month"
                    },
                    "type": "ia.display.label"
                  },
                  {
                    "meta": {
                      "name": "Space"
                    },
                    "position": {
                      "basis": "10px",
                      "grow": 1
                    },
                    "props": {
                      "style": {
                        "borderTopColor": "#AAAAAA",
                        "borderTopStyle": "solid",
                        "borderTopWidth": "1px",
                        "paddingBottom": 5
                      }
                    },
                    "type": "ia.display.label"
                  }
                ],
                "meta": {
                  "name": "FlexContainer"
                },
                "position": {
                  "basis": "180px",
                  "shrink": 0
                },
                "props": {
                  "wrap": "wrap"
                },
                "type": "ia.container.flex"
              },
              {
                "meta": {
                  "name": "Label"
                },
                "position": {
                  "basis": "50%",
                  "shrink": 0
                },
                "propConfig": {
                  "props.text": {
                    "binding": {
                      "config": {
                        "path": "parent.custom.ResultWarmestMonth[0].date"
                      },
                      "type": "property"
                    }
                  }
                },
                "type": "ia.display.label"
              },
              {
                "meta": {
                  "name": "Thermometer"
                },
                "position": {
                  "basis": "65px"
                },
                "propConfig": {
                  "props.value": {
                    "binding": {
                      "config": {
                        "path": "parent.custom.ResultWarmestMonth[0].temperature"
                      },
                      "type": "property"
                    }
                  }
                },
                "props": {
                  "highBound": 50,
                  "intervals": null,
                  "lowBound": -50,
                  "mercuryColor": "#AC0000",
                  "valueFont": {
                    "fontSize": 30
                  },
                  "valueFontColor": "#FFFFFF"
                },
                "type": "ia.display.thermometer"
              }
            ],
            "meta": {
              "name": "Warmest Month"
            },
            "position": {
              "basis": "200px",
              "shrink": 0
            },
            "propConfig": {
              "custom.ResultWarmestMonth": {
                "binding": {
                  "config": {
                    "parameters": {
                      "City": "{session.custom.City}",
                      "Country": "{session.custom.Country}",
                      "Functionality": "\u0027max\u0027"
                    },
                    "queryPath": "HighlightsFunctionalities/MonthCalculations",
                    "returnFormat": "json"
                  },
                  "type": "query"
                }
              }
            },
            "props": {
              "justify": "center",
              "style": {
                "backgroundColor": "#FFFFFF",
                "borderBottomLeftRadius": 20,
                "borderBottomRightRadius": 20,
                "borderStyle": "hidden",
                "borderTopLeftRadius": 20,
                "borderTopRightRadius": 20,
                "classes": "Menu/Shadow",
                "margin": 10,
                "padding": 5
              },
              "wrap": "wrap"
            },
            "scripts": {
              "customMethods": [],
              "extensionFunctions": null,
              "messageHandlers": [
                {
                  "messageType": "refresh",
                  "pageScope": true,
                  "script": "\t# implement your handler here\n\tself.refreshBinding(\"custom.ResultWarmestMonth\")",
                  "sessionScope": false,
                  "viewScope": false
                }
              ]
            },
            "type": "ia.container.flex"
          }
        ],
        "meta": {
          "name": "FlexContainer_0"
        },
        "position": {
          "shrink": 0
        },
        "props": {
          "justify": "center",
          "wrap": "wrap"
        },
        "type": "ia.container.flex"
      },
      {
        "meta": {
          "name": "Space_0"
        },
        "position": {
          "basis": "25px",
          "shrink": 0
        },
        "type": "ia.display.label"
      },
      {
        "meta": {
          "name": "EmbeddedView_0"
        },
        "position": {
          "shrink": 0
        },
        "props": {
          "path": "Docks/Warmest Years",
          "style": {
            "alignContent": "center",
            "alignItems": "center"
          }
        },
        "type": "ia.display.view"
      }
    ],
    "meta": {
      "name": "root"
    },
    "props": {
      "direction": "column",
      "style": {
        "classes": "Page/Page",
        "paddingBottom": 10,
        "paddingLeft": 10,
        "paddingRight": 10,
        "paddingTop": 10
      }
    },
    "type": "ia.container.flex"
  }
}