{
  "custom": {},
  "events": {
    "system": {
      "onStartup": {
        "config": {
          "script": "\tfrom datetime import datetime\n\t\n\t# Set last 5 years on default\n\tself.getChild(\"root\").getChild(\"From\").props.value \u003d datetime(2015,1,1,0,0,0)\n\tself.getChild(\"root\").getChild(\"To\").props.value \u003d datetime(2020,1,1,0,0,0)\n\t\n"
        },
        "scope": "G",
        "type": "script"
      }
    }
  },
  "params": {
    "from": {
      "$": [
        "ts",
        192,
        1636220441872
      ],
      "$ts": 1420070400000
    },
    "to": {
      "$": [
        "ts",
        192,
        1636220441873
      ],
      "$ts": 1577836800000
    }
  },
  "propConfig": {
    "params.from": {
      "binding": {
        "config": {
          "path": "/root/From.props.value"
        },
        "type": "property"
      },
      "paramDirection": "inout",
      "persistent": true
    },
    "params.to": {
      "binding": {
        "config": {
          "path": "/root/To.props.value"
        },
        "type": "property"
      },
      "paramDirection": "inout",
      "persistent": true
    }
  },
  "props": {
    "defaultSize": {
      "height": 83,
      "width": 783
    }
  },
  "root": {
    "children": [
      {
        "events": {
          "component": {
            "onActionPerformed": {
              "config": {
                "script": "\tsystem.perspective.sendMessage(\u0027unselectTemperature\u0027)\n\tsystem.perspective.sendMessage(\u0027unselectCO2\u0027)"
              },
              "scope": "G",
              "type": "script"
            }
          }
        },
        "meta": {
          "name": "From"
        },
        "position": {
          "basis": "300px"
        },
        "props": {
          "format": "ll",
          "formattedValue": "Jan 1, 2015",
          "inputProps": {
            "style": {
              "borderStyle": "none"
            }
          },
          "placeholder": "From Date",
          "style": {
            "borderStyle": "none",
            "classes": "Menu/Dropdown Menu/Shadow"
          },
          "value": {
            "$": [
              "ts",
              192,
              1636220441872
            ],
            "$ts": 1420070400000
          }
        },
        "scripts": {
          "customMethods": [],
          "extensionFunctions": null,
          "messageHandlers": [
            {
              "messageType": "substract5years",
              "pageScope": true,
              "script": "\tbase \u003d self.props.value\n\tself.props.value \u003d system.date.addYears(base, -5)",
              "sessionScope": false,
              "viewScope": false
            }
          ]
        },
        "type": "ia.input.date-time-input"
      },
      {
        "events": {
          "component": {
            "onActionPerformed": {
              "config": {
                "script": "\tsystem.perspective.sendMessage(\u0027unselectTemperature\u0027)\n\tsystem.perspective.sendMessage(\u0027unselectCO2\u0027)"
              },
              "scope": "G",
              "type": "script"
            }
          }
        },
        "meta": {
          "name": "To"
        },
        "position": {
          "basis": "300px"
        },
        "props": {
          "format": "ll",
          "formattedValue": "Jan 1, 2020",
          "inputProps": {
            "style": {
              "borderStyle": "none"
            }
          },
          "placeholder": "To Date",
          "style": {
            "classes": "Menu/Dropdown Menu/Shadow"
          },
          "value": {
            "$": [
              "ts",
              192,
              1636220441873
            ],
            "$ts": 1577836800000
          }
        },
        "scripts": {
          "customMethods": [],
          "extensionFunctions": null,
          "messageHandlers": [
            {
              "messageType": "substract5years",
              "pageScope": true,
              "script": "\tbase \u003d self.props.value\n\tself.props.value \u003d system.date.addYears(base, -5)",
              "sessionScope": false,
              "viewScope": false
            }
          ]
        },
        "type": "ia.input.date-time-input"
      }
    ],
    "meta": {
      "name": "root"
    },
    "props": {
      "justify": "center",
      "wrap": "wrap"
    },
    "type": "ia.container.flex"
  }
}