{
  "custom": {},
  "params": {},
  "props": {
    "defaultSize": {
      "height": 712,
      "width": 798
    }
  },
  "root": {
    "children": [
      {
        "meta": {
          "name": "FlexRepeater"
        },
        "position": {
          "basis": "598px",
          "grow": 1
        },
        "props": {
          "instances": [
            {
              "values": [
                {
                  "color": "",
                  "name": "Jan",
                  "value": 1
                },
                {
                  "color": "#fcf5e1",
                  "name": "Feb",
                  "value": 1
                },
                {
                  "color": "#ed5a5a",
                  "name": "Mar",
                  "value": 1
                },
                {
                  "color": "#fcf5e1",
                  "name": "Apr",
                  "value": 1
                },
                {
                  "color": "#e6effa",
                  "name": "May",
                  "value": 1
                },
                {
                  "color": "#e6effa",
                  "name": "Jun",
                  "value": 1
                },
                {
                  "color": "#fcf5e1",
                  "name": "Jul",
                  "value": 1
                },
                {
                  "color": "#edc9b4",
                  "name": "Aug",
                  "value": 1
                },
                {
                  "color": "#e6effa",
                  "name": "Sep",
                  "value": 1
                },
                {
                  "color": "#9ac3f5",
                  "name": "Oct",
                  "value": 1
                },
                {
                  "color": "#0e57b0",
                  "name": "Nov",
                  "value": 1
                },
                {
                  "color": "#5799eb",
                  "name": "Dec",
                  "value": 1
                }
              ],
              "year": 1750
            },
            {
              "values": [
                {
                  "color": "#e6effa",
                  "name": "Jan",
                  "value": 1
                },
                {
                  "color": "#317cd6",
                  "name": "Feb",
                  "value": 1
                },
                {
                  "color": "#edc9b4",
                  "name": "Mar",
                  "value": 1
                },
                {
                  "color": "#e6effa",
                  "name": "Apr",
                  "value": 1
                },
                {
                  "color": "#e6effa",
                  "name": "May",
                  "value": 1
                },
                {
                  "color": "#e6effa",
                  "name": "Jun",
                  "value": 1
                },
                {
                  "color": "#edc9b4",
                  "name": "Jul",
                  "value": 1
                },
                {
                  "color": "#edc9b4",
                  "name": "Aug",
                  "value": 1
                },
                {
                  "color": "#e6effa",
                  "name": "Sep",
                  "value": 1
                },
                {
                  "color": "#9ac3f5",
                  "name": "Oct",
                  "value": 1
                },
                {
                  "color": "#5799eb",
                  "name": "Nov",
                  "value": 1
                },
                {
                  "color": "#9ac3f5",
                  "name": "Dec",
                  "value": 1
                }
              ],
              "year": 1751
            },
            {
              "values": [
                {
                  "color": "#e6effa",
                  "name": "Jan",
                  "value": 1
                },
                {
                  "color": "#9ac3f5",
                  "name": "Feb",
                  "value": 1
                },
                {
                  "color": "#f58989",
                  "name": "Mar",
                  "value": 1
                },
                {
                  "color": "#e6effa",
                  "name": "Apr",
                  "value": 1
                },
                {
                  "color": "#fcf5e1",
                  "name": "May",
                  "value": 1
                },
                {
                  "color": "#fcf5e1",
                  "name": "Jun",
                  "value": 1
                },
                {
                  "color": "#e6effa",
                  "name": "Jul",
                  "value": 1
                },
                {
                  "color": "#e6effa",
                  "name": "Aug",
                  "value": 1
                },
                {
                  "color": "#e6effa",
                  "name": "Sep",
                  "value": 1
                },
                {
                  "color": "#fcf5e1",
                  "name": "Oct",
                  "value": 1
                },
                {
                  "color": "#e6effa",
                  "name": "Nov",
                  "value": 1
                },
                {
                  "color": "#5799eb",
                  "name": "Dec",
                  "value": 1
                }
              ],
              "year": 1753
            },
            {
              "values": [
                {
                  "color": "#e6effa",
                  "name": "Jan",
                  "value": 1
                },
                {
                  "color": "#5799eb",
                  "name": "Feb",
                  "value": 1
                },
                {
                  "color": "#5799eb",
                  "name": "Mar",
                  "value": 1
                },
                {
                  "color": "#ed5a5a",
                  "name": "Apr",
                  "value": 1
                },
                {
                  "color": "#edc9b4",
                  "name": "May",
                  "value": 1
                },
                {
                  "color": "#fcf5e1",
                  "name": "Jun",
                  "value": 1
                },
                {
                  "color": "#e6effa",
                  "name": "Jul",
                  "value": 1
                },
                {
                  "color": "#e6effa",
                  "name": "Aug",
                  "value": 1
                },
                {
                  "color": "#e6effa",
                  "name": "Sep",
                  "value": 1
                },
                {
                  "color": "#edc9b4",
                  "name": "Oct",
                  "value": 1
                },
                {
                  "color": "#fcf5e1",
                  "name": "Nov",
                  "value": 1
                },
                {
                  "color": "#fcf5e1",
                  "name": "Dec",
                  "value": 1
                }
              ],
              "year": 1754
            },
            {
              "values": [
                {
                  "color": "#5799eb",
                  "name": "Jan",
                  "value": 1
                },
                {
                  "color": "#317cd6",
                  "name": "Feb",
                  "value": 1
                },
                {
                  "color": "#9ac3f5",
                  "name": "Mar",
                  "value": 1
                },
                {
                  "color": "#ed5a5a",
                  "name": "Apr",
                  "value": 1
                },
                {
                  "color": "#fcf5e1",
                  "name": "May",
                  "value": 1
                },
                {
                  "color": "#ed5a5a",
                  "name": "Jun",
                  "value": 1
                },
                {
                  "color": "#fcf5e1",
                  "name": "Jul",
                  "value": 1
                },
                {
                  "color": "#9ac3f5",
                  "name": "Aug",
                  "value": 1
                },
                {
                  "color": "#e6effa",
                  "name": "Sep",
                  "value": 1
                },
                {
                  "color": "#edc9b4",
                  "name": "Oct",
                  "value": 1
                },
                {
                  "color": "#e6effa",
                  "name": "Nov",
                  "value": 1
                },
                {
                  "color": "#e6effa",
                  "name": "Dec",
                  "value": 1
                }
              ],
              "year": 1755
            },
            {
              "values": [
                {
                  "color": "#f58989",
                  "name": "Jan",
                  "value": 1
                },
                {
                  "color": "#cf1f1f",
                  "name": "Feb",
                  "value": 1
                },
                {
                  "color": "#e6effa",
                  "name": "Mar",
                  "value": 1
                },
                {
                  "color": "#e6effa",
                  "name": "Apr",
                  "value": 1
                },
                {
                  "color": "#fcf5e1",
                  "name": "May",
                  "value": 1
                },
                {
                  "color": "#f58989",
                  "name": "Jun",
                  "value": 1
                },
                {
                  "color": "#e6effa",
                  "name": "Jul",
                  "value": 1
                },
                {
                  "color": "#e6effa",
                  "name": "Aug",
                  "value": 1
                },
                {
                  "color": "#fcf5e1",
                  "name": "Sep",
                  "value": 1
                },
                {
                  "color": "#e6effa",
                  "name": "Oct",
                  "value": 1
                },
                {
                  "color": "#9ac3f5",
                  "name": "Nov",
                  "value": 1
                },
                {
                  "color": "#5799eb",
                  "name": "Dec",
                  "value": 1
                }
              ],
              "year": 1756
            },
            {
              "values": [
                {
                  "color": "#5799eb",
                  "name": "Jan",
                  "value": 1
                },
                {
                  "color": "#edc9b4",
                  "name": "Feb",
                  "value": 1
                },
                {
                  "color": "#e6effa",
                  "name": "Mar",
                  "value": 1
                },
                {
                  "color": "#edc9b4",
                  "name": "Apr",
                  "value": 1
                },
                {
                  "color": "#edc9b4",
                  "name": "May",
                  "value": 1
                },
                {
                  "color": "#cf1f1f",
                  "name": "Jun",
                  "value": 1
                },
                {
                  "color": "#b80000",
                  "name": "Jul",
                  "value": 1
                },
                {
                  "color": "#ed5a5a",
                  "name": "Aug",
                  "value": 1
                },
                {
                  "color": "#edc9b4",
                  "name": "Sep",
                  "value": 1
                },
                {
                  "color": "#317cd6",
                  "name": "Oct",
                  "value": 1
                },
                {
                  "color": "#e6effa",
                  "name": "Nov",
                  "value": 1
                },
                {
                  "color": "#5799eb",
                  "name": "Dec",
                  "value": 1
                }
              ],
              "year": 1757
            },
            {
              "values": [
                {
                  "color": "#317cd6",
                  "name": "Jan",
                  "value": 1
                },
                {
                  "color": "#5799eb",
                  "name": "Feb",
                  "value": 1
                },
                {
                  "color": "#e6effa",
                  "name": "Mar",
                  "value": 1
                },
                {
                  "color": "#e6effa",
                  "name": "Apr",
                  "value": 1
                },
                {
                  "color": "#e6effa",
                  "name": "May",
                  "value": 1
                },
                {
                  "color": "#e6effa",
                  "name": "Jun",
                  "value": 1
                },
                {
                  "color": "#9ac3f5",
                  "name": "Jul",
                  "value": 1
                },
                {
                  "color": "#9ac3f5",
                  "name": "Aug",
                  "value": 1
                },
                {
                  "color": "#9ac3f5",
                  "name": "Sep",
                  "value": 1
                },
                {
                  "color": "#5799eb",
                  "name": "Oct",
                  "value": 1
                },
                {
                  "color": "#e6effa",
                  "name": "Nov",
                  "value": 1
                },
                {
                  "color": "#e6effa",
                  "name": "Dec",
                  "value": 1
                }
              ],
              "year": 1758
            },
            {
              "values": [
                {
                  "color": "#cf1f1f",
                  "name": "Jan",
                  "value": 1
                },
                {
                  "color": "#f58989",
                  "name": "Feb",
                  "value": 1
                },
                {
                  "color": "#e6effa",
                  "name": "Mar",
                  "value": 1
                },
                {
                  "color": "#e6effa",
                  "name": "Apr",
                  "value": 1
                },
                {
                  "color": "#9ac3f5",
                  "name": "May",
                  "value": 1
                },
                {
                  "color": "#fcf5e1",
                  "name": "Jun",
                  "value": 1
                },
                {
                  "color": "#e6effa",
                  "name": "Jul",
                  "value": 1
                },
                {
                  "color": "#fcf5e1",
                  "name": "Aug",
                  "value": 1
                },
                {
                  "color": "#e6effa",
                  "name": "Sep",
                  "value": 1
                },
                {
                  "color": "#e6effa",
                  "name": "Oct",
                  "value": 1
                },
                {
                  "color": "#5799eb",
                  "name": "Nov",
                  "value": 1
                },
                {
                  "color": "#317cd6",
                  "name": "Dec",
                  "value": 1
                }
              ],
              "year": 1759
            },
            {
              "values": [
                {
                  "color": "#317cd6",
                  "name": "Jan",
                  "value": 1
                },
                {
                  "color": "#e6effa",
                  "name": "Feb",
                  "value": 1
                },
                {
                  "color": "#5799eb",
                  "name": "Mar",
                  "value": 1
                },
                {
                  "color": "#e6effa",
                  "name": "Apr",
                  "value": 1
                },
                {
                  "color": "#e6effa",
                  "name": "May",
                  "value": 1
                },
                {
                  "color": "#e6effa",
                  "name": "Jun",
                  "value": 1
                },
                {
                  "color": "#e6effa",
                  "name": "Jul",
                  "value": 1
                },
                {
                  "color": "#e6effa",
                  "name": "Aug",
                  "value": 1
                },
                {
                  "color": "#e6effa",
                  "name": "Sep",
                  "value": 1
                },
                {
                  "color": "#9ac3f5",
                  "name": "Oct",
                  "value": 1
                },
                {
                  "color": "#e6effa",
                  "name": "Nov",
                  "value": 1
                },
                {
                  "color": "#e6effa",
                  "name": "Dec",
                  "value": 1
                }
              ],
              "year": 1760
            },
            {
              "values": [
                {
                  "color": "#9ac3f5",
                  "name": "Jan",
                  "value": 1
                },
                {
                  "color": "#e6effa",
                  "name": "Feb",
                  "value": 1
                },
                {
                  "color": "#f58989",
                  "name": "Mar",
                  "value": 1
                },
                {
                  "color": "#e6effa",
                  "name": "Apr",
                  "value": 1
                },
                {
                  "color": "#f58989",
                  "name": "May",
                  "value": 1
                },
                {
                  "color": "#ed5a5a",
                  "name": "Jun",
                  "value": 1
                },
                {
                  "color": "#ed5a5a",
                  "name": "Jul",
                  "value": 1
                },
                {
                  "color": "#edc9b4",
                  "name": "Aug",
                  "value": 1
                },
                {
                  "color": "#edc9b4",
                  "name": "Sep",
                  "value": 1
                },
                {
                  "color": "#5799eb",
                  "name": "Oct",
                  "value": 1
                },
                {
                  "color": "#e6effa",
                  "name": "Nov",
                  "value": 1
                },
                {
                  "color": "#0e57b0",
                  "name": "Dec",
                  "value": 1
                }
              ],
              "year": 1761
            },
            {
              "values": [
                {
                  "color": "#cf1f1f",
                  "name": "Jan",
                  "value": 1
                },
                {
                  "color": "#fcf5e1",
                  "name": "Feb",
                  "value": 1
                },
                {
                  "color": "#5799eb",
                  "name": "Mar",
                  "value": 1
                },
                {
                  "color": "#f58989",
                  "name": "Apr",
                  "value": 1
                },
                {
                  "color": "#e6effa",
                  "name": "May",
                  "value": 1
                },
                {
                  "color": "#e6effa",
                  "name": "Jun",
                  "value": 1
                },
                {
                  "color": "#e6effa",
                  "name": "Jul",
                  "value": 1
                },
                {
                  "color": "#e6effa",
                  "name": "Aug",
                  "value": 1
                },
                {
                  "color": "#9ac3f5",
                  "name": "Sep",
                  "value": 1
                },
                {
                  "color": "#5799eb",
                  "name": "Oct",
                  "value": 1
                },
                {
                  "color": "#e6effa",
                  "name": "Nov",
                  "value": 1
                },
                {
                  "color": "#5799eb",
                  "name": "Dec",
                  "value": 1
                }
              ],
              "year": 1762
            },
            {
              "values": [
                {
                  "color": "#5799eb",
                  "name": "Jan",
                  "value": 1
                },
                {
                  "color": "#e6effa",
                  "name": "Feb",
                  "value": 1
                },
                {
                  "color": "#5799eb",
                  "name": "Mar",
                  "value": 1
                },
                {
                  "color": "#e6effa",
                  "name": "Apr",
                  "value": 1
                },
                {
                  "color": "#e6effa",
                  "name": "May",
                  "value": 1
                },
                {
                  "color": "#9ac3f5",
                  "name": "Jun",
                  "value": 1
                },
                {
                  "color": "#f58989",
                  "name": "Jul",
                  "value": 1
                },
                {
                  "color": "#fcf5e1",
                  "name": "Aug",
                  "value": 1
                },
                {
                  "color": "#e6effa",
                  "name": "Sep",
                  "value": 1
                },
                {
                  "color": "#5799eb",
                  "name": "Oct",
                  "value": 1
                },
                {
                  "color": "#9ac3f5",
                  "name": "Nov",
                  "value": 1
                },
                {
                  "color": "#e6effa",
                  "name": "Dec",
                  "value": 1
                }
              ],
              "year": 1763
            },
            {
              "values": [
                {
                  "color": "#fcf5e1",
                  "name": "Jan",
                  "value": 1
                },
                {
                  "color": "#b80000",
                  "name": "Feb",
                  "value": 1
                },
                {
                  "color": "#e6effa",
                  "name": "Mar",
                  "value": 1
                },
                {
                  "color": "#e6effa",
                  "name": "Apr",
                  "value": 1
                },
                {
                  "color": "#fcf5e1",
                  "name": "May",
                  "value": 1
                },
                {
                  "color": "#9ac3f5",
                  "name": "Jun",
                  "value": 1
                },
                {
                  "color": "#e6effa",
                  "name": "Jul",
                  "value": 1
                },
                {
                  "color": "#9ac3f5",
                  "name": "Aug",
                  "value": 1
                },
                {
                  "color": "#9ac3f5",
                  "name": "Sep",
                  "value": 1
                },
                {
                  "color": "#e6effa",
                  "name": "Oct",
                  "value": 1
                },
                {
                  "color": "#9ac3f5",
                  "name": "Nov",
                  "value": 1
                },
                {
                  "color": "#fcf5e1",
                  "name": "Dec",
                  "value": 1
                }
              ],
              "year": 1764
            },
            {
              "values": [
                {
                  "color": "#ed5a5a",
                  "name": "Jan",
                  "value": 1
                },
                {
                  "color": "#e6effa",
                  "name": "Feb",
                  "value": 1
                },
                {
                  "color": "#f58989",
                  "name": "Mar",
                  "value": 1
                },
                {
                  "color": "#fcf5e1",
                  "name": "Apr",
                  "value": 1
                },
                {
                  "color": "#e6effa",
                  "name": "May",
                  "value": 1
                },
                {
                  "color": "#e6effa",
                  "name": "Jun",
                  "value": 1
                },
                {
                  "color": "#e6effa",
                  "name": "Jul",
                  "value": 1
                },
                {
                  "color": "#e6effa",
                  "name": "Aug",
                  "value": 1
                },
                {
                  "color": "#e6effa",
                  "name": "Sep",
                  "value": 1
                },
                {
                  "color": "#e6effa",
                  "name": "Oct",
                  "value": 1
                },
                {
                  "color": "#e6effa",
                  "name": "Nov",
                  "value": 1
                },
                {
                  "color": "#9ac3f5",
                  "name": "Dec",
                  "value": 1
                }
              ],
              "year": 1765
            },
            {
              "values": [
                {
                  "color": "#317cd6",
                  "name": "Jan",
                  "value": 1
                },
                {
                  "color": "#e6effa",
                  "name": "Feb",
                  "value": 1
                },
                {
                  "color": "#fcf5e1",
                  "name": "Mar",
                  "value": 1
                },
                {
                  "color": "#fcf5e1",
                  "name": "Apr",
                  "value": 1
                },
                {
                  "color": "#fcf5e1",
                  "name": "May",
                  "value": 1
                },
                {
                  "color": "#fcf5e1",
                  "name": "Jun",
                  "value": 1
                },
                {
                  "color": "#e6effa",
                  "name": "Jul",
                  "value": 1
                },
                {
                  "color": "#e6effa",
                  "name": "Aug",
                  "value": 1
                },
                {
                  "color": "#fcf5e1",
                  "name": "Sep",
                  "value": 1
                },
                {
                  "color": "#e6effa",
                  "name": "Oct",
                  "value": 1
                },
                {
                  "color": "#edc9b4",
                  "name": "Nov",
                  "value": 1
                },
                {
                  "color": "#9ac3f5",
                  "name": "Dec",
                  "value": 1
                }
              ],
              "year": 1766
            }
          ],
          "justify": "center",
          "path": "Templates/Global Month",
          "useDefaultViewHeight": false,
          "wrap": "wrap"
        },
        "type": "ia.display.flex-repeater"
      },
      {
        "children": [
          {
            "meta": {
              "name": "EmbeddedView"
            },
            "position": {
              "basis": "342px",
              "shrink": 0
            },
            "props": {
              "path": "Docks/Scale"
            },
            "type": "ia.display.view"
          },
          {
            "meta": {
              "name": "FlexRepeater"
            },
            "position": {
              "basis": "163px"
            },
            "propConfig": {
              "props.instances[0].values": {
                "binding": {
                  "config": {
                    "expression": "runScript(\"MonthlyTemperatureAnomalies.global_month_showcase()\")"
                  },
                  "type": "expr"
                }
              }
            },
            "props": {
              "instances": [
                {
                  "instancePosition": {},
                  "instanceStyle": {
                    "classes": ""
                  },
                  "year": "YEAR"
                }
              ],
              "justify": "center",
              "path": "Templates/Global Month Showcase"
            },
            "type": "ia.display.flex-repeater"
          }
        ],
        "meta": {
          "name": "FlexContainer"
        },
        "position": {
          "basis": "180px"
        },
        "props": {
          "direction": "column"
        },
        "type": "ia.container.flex"
      }
    ],
    "meta": {
      "name": "root"
    },
    "type": "ia.container.flex"
  }
}