{
  "custom": {},
  "events": {
    "system": {
      "onStartup": {
        "config": {
          "script": "\tself.getChild(\"root\").getChild(\"CoordinateContainer\").getChild(\"Country\").props.value \u003d \u0027Macedonia\u0027\n\tself.getChild(\"root\").getChild(\"CoordinateContainer\").getChild(\"City\").props.value \u003d \u0027Kumanovo\u0027"
        },
        "scope": "G",
        "type": "script"
      }
    }
  },
  "params": {},
  "propConfig": {
    "params.feature": {
      "paramDirection": "input"
    },
    "params.key": {
      "paramDirection": "input"
    },
    "params.tier1": {
      "paramDirection": "input"
    },
    "params.tier2": {
      "paramDirection": "input"
    }
  },
  "props": {},
  "root": {
    "children": [
      {
        "children": [
          {
            "events": {
              "component": {
                "onActionPerformed": {
                  "config": {
                    "script": "\t\n\tcountry \u003d self.props.value\n\tcity \u003d self.getSibling(\"City\").props.value\n\t\n\tif country is not None and city is not None:\n\t\tnamedQuery \u003d \"GetAnomaliesPerCountry\"\n\t\tparameters \u003d {\"Country\":country, \"City\":city, \"Start\":\u00272010-01-01\u0027, \"End\":\u00272020-01-01\u0027}\n\t\tsystem.db.runNamedQuery(path\u003dnamedQuery, parameters\u003dparameters)\n\t\tself.getSibling(\"XYChart\").refreshBinding(\"props.dataSources.example\")\n\t\t"
                  },
                  "scope": "G",
                  "type": "script"
                }
              }
            },
            "meta": {
              "name": "Country"
            },
            "position": {
              "height": 36,
              "width": 256,
              "x": 34,
              "y": 15.022
            },
            "propConfig": {
              "props.options": {
                "binding": {
                  "config": {
                    "queryPath": "GetCountries"
                  },
                  "type": "query"
                }
              }
            },
            "props": {
              "placeholder": {
                "icon": {
                  "path": "material/location_on"
                },
                "text": "Select Country"
              },
              "value": "Macedonia"
            },
            "type": "ia.input.dropdown"
          },
          {
            "meta": {
              "name": "XYChart"
            },
            "position": {
              "height": 319.99999999999994,
              "width": 1241,
              "y": 383.29
            },
            "propConfig": {
              "props.dataSources.example": {
                "binding": {
                  "config": {
                    "queryPath": "ResultChartAnomalies",
                    "returnFormat": "json"
                  },
                  "type": "query"
                }
              },
              "props.series[0].column.appearance.fill.color": {
                "binding": {
                  "config": {
                    "struct": {
                      "valueY": "{valueY}"
                    },
                    "waitOnAll": true
                  },
                  "transforms": [
                    {
                      "fallback": "#4747FF",
                      "inputType": "range",
                      "mappings": [
                        {
                          "input": {
                            "max": 0,
                            "min": -5
                          },
                          "output": "#4747FF"
                        },
                        {
                          "input": {
                            "max": 5,
                            "min": 0
                          },
                          "output": "#D90000"
                        }
                      ],
                      "outputType": "color",
                      "type": "map"
                    }
                  ],
                  "type": "expr-struct"
                }
              },
              "props.series[0].column.appearance.stroke.color": {
                "binding": {
                  "config": {
                    "struct": {
                      "key": "{valueY}"
                    },
                    "waitOnAll": true
                  },
                  "transforms": [
                    {
                      "fallback": "#4747FF",
                      "inputType": "range",
                      "mappings": [
                        {
                          "input": {
                            "max": 5,
                            "min": 0
                          },
                          "output": "#D90000"
                        },
                        {
                          "input": {
                            "max": 0,
                            "min": -5
                          },
                          "output": "#4747FF"
                        }
                      ],
                      "outputType": "color",
                      "type": "map"
                    }
                  ],
                  "type": "expr-struct"
                }
              }
            },
            "props": {
              "cursor": {
                "series": "example"
              },
              "dataSources": {},
              "legend": {
                "enabled": false
              },
              "scrollBars": {
                "vertical": {
                  "series": "example"
                }
              },
              "series": [
                {
                  "candlestick": {
                    "appearance": {
                      "deriveFieldsFromData": {
                        "fill": {
                          "color": "",
                          "opacity": ""
                        },
                        "stroke": {
                          "color": "",
                          "opacity": "",
                          "width": ""
                        }
                      },
                      "fill": {
                        "color": "",
                        "opacity": 1
                      },
                      "heatRules": {
                        "dataField": "",
                        "enabled": false,
                        "max": "",
                        "min": ""
                      },
                      "stacked": false,
                      "stroke": {
                        "color": "",
                        "opacity": 1,
                        "width": 1
                      }
                    },
                    "high": {
                      "x": "",
                      "y": ""
                    },
                    "low": {
                      "x": "",
                      "y": ""
                    },
                    "open": {
                      "x": "",
                      "y": ""
                    }
                  },
                  "column": {
                    "appearance": {
                      "deriveFieldsFromData": {
                        "fill": {
                          "color": "",
                          "opacity": ""
                        },
                        "stroke": {
                          "color": "",
                          "opacity": "",
                          "width": ""
                        }
                      },
                      "fill": {
                        "opacity": 1
                      },
                      "heatRules": {
                        "dataField": "anomaly",
                        "enabled": false,
                        "max": "#FF0000",
                        "min": "#483DA4"
                      },
                      "height": null,
                      "stacked": true,
                      "stroke": {
                        "opacity": 1,
                        "width": 1
                      },
                      "width": null
                    },
                    "open": {
                      "x": "",
                      "y": ""
                    }
                  },
                  "data": {
                    "source": "example",
                    "x": "t_stamp",
                    "y": "process_temp"
                  },
                  "defaultState": {
                    "visible": true
                  },
                  "hiddenInLegend": false,
                  "label": {
                    "text": "Anomaly"
                  },
                  "line": {
                    "appearance": {
                      "bullets": [
                        {
                          "deriveFieldsFromData": {
                            "fill": {
                              "color": "",
                              "opacity": ""
                            },
                            "rotation": "",
                            "stroke": {
                              "color": "",
                              "opacity": "",
                              "width": ""
                            }
                          },
                          "enabled": false,
                          "fill": {
                            "color": "",
                            "opacity": 1
                          },
                          "heatRules": {
                            "dataField": "",
                            "enabled": false,
                            "max": 100,
                            "min": 2
                          },
                          "height": 10,
                          "label": {
                            "position": {
                              "dx": 0,
                              "dy": 0
                            },
                            "text": "{value}"
                          },
                          "render": "circle",
                          "rotation": 0,
                          "stroke": {
                            "color": "",
                            "opacity": 1,
                            "width": 1
                          },
                          "tooltip": {
                            "background": {
                              "color": "",
                              "opacity": 1
                            },
                            "cornerRadius": 3,
                            "enabled": true,
                            "pointerLength": 4,
                            "text": "{name}: [bold]{valueY}[/]"
                          },
                          "width": 10
                        }
                      ],
                      "connect": true,
                      "fill": {
                        "color": "",
                        "opacity": 0
                      },
                      "minDistance": 0.5,
                      "stroke": {
                        "color": "",
                        "dashArray": "",
                        "opacity": 1,
                        "width": 3
                      },
                      "tensionX": 1,
                      "tensionY": 1
                    },
                    "open": {
                      "x": "",
                      "y": ""
                    }
                  },
                  "name": "process temp",
                  "render": "column",
                  "stepLine": {
                    "appearance": {
                      "bullets": [
                        {
                          "deriveFieldsFromData": {
                            "fill": {
                              "color": "",
                              "opacity": ""
                            },
                            "rotation": "",
                            "stroke": {
                              "color": "",
                              "opacity": "",
                              "width": ""
                            }
                          },
                          "enabled": true,
                          "fill": {
                            "color": "",
                            "opacity": 1
                          },
                          "heatRules": {
                            "dataField": "",
                            "enabled": false,
                            "max": 100,
                            "min": 2
                          },
                          "height": 10,
                          "label": {
                            "position": {
                              "dx": 0,
                              "dy": 0
                            },
                            "text": "{value}"
                          },
                          "render": "circle",
                          "rotation": 0,
                          "stroke": {
                            "color": "",
                            "opacity": 1,
                            "width": 1
                          },
                          "tooltip": {
                            "background": {
                              "color": "",
                              "opacity": 1
                            },
                            "cornerRadius": 3,
                            "enabled": true,
                            "pointerLength": 4,
                            "text": "{name}: [bold]{valueY}[/]"
                          },
                          "width": 10
                        }
                      ],
                      "connect": true,
                      "fill": {
                        "color": "",
                        "opacity": 0
                      },
                      "minDistance": 0.5,
                      "stroke": {
                        "color": "",
                        "dashArray": "",
                        "opacity": 1,
                        "width": 3
                      },
                      "tensionX": 1,
                      "tensionY": 1
                    },
                    "open": {
                      "x": "",
                      "y": ""
                    }
                  },
                  "tooltip": {
                    "background": {
                      "color": "",
                      "opacity": 1
                    },
                    "cornerRadius": 3,
                    "enabled": true,
                    "pointerLength": 4,
                    "text": "{name}: [bold]{valueY}[/]"
                  },
                  "visible": true,
                  "xAxis": "time",
                  "yAxis": "process temp",
                  "zIndex": 0
                }
              ],
              "xAxes": [
                {
                  "appearance": {
                    "font": {
                      "size": "",
                      "weight": 500
                    },
                    "grid": {
                      "color": "",
                      "dashArray": "",
                      "minDistance": 60,
                      "opacity": 0.3,
                      "position": 0.5
                    },
                    "inside": false,
                    "labels": {
                      "color": "",
                      "opacity": 1
                    },
                    "opposite": false
                  },
                  "category": {
                    "break": {
                      "enabled": false,
                      "endCategory": "",
                      "size": 0.05,
                      "startCategory": ""
                    }
                  },
                  "date": {
                    "baseInterval": {
                      "count": 1,
                      "enabled": false,
                      "skipEmptyPeriods": false,
                      "timeUnit": "hour"
                    },
                    "break": {
                      "enabled": false,
                      "endDate": "",
                      "size": 0.05,
                      "startDate": ""
                    },
                    "format": "M/d/yyyy",
                    "inputFormat": "yyyy-MM-dd kk:mm:ss",
                    "range": {
                      "max": "",
                      "min": "",
                      "useStrict": false
                    }
                  },
                  "inversed": false,
                  "label": {
                    "color": "",
                    "enabled": true,
                    "text": ""
                  },
                  "name": "time",
                  "render": "date",
                  "tooltip": {
                    "background": {
                      "color": "",
                      "opacity": 1
                    },
                    "cornerRadius": 3,
                    "enabled": true,
                    "pointerLength": 4,
                    "text": ""
                  },
                  "value": {
                    "break": {
                      "enabled": false,
                      "endValue": 100,
                      "size": 0.05,
                      "startValue": 0
                    },
                    "format": "#,###.##",
                    "logarithmic": false,
                    "range": {
                      "max": "",
                      "min": "",
                      "useStrict": false
                    }
                  },
                  "visible": true
                }
              ],
              "yAxes": [
                {
                  "appearance": {
                    "font": {
                      "size": "",
                      "weight": 500
                    },
                    "grid": {
                      "color": "",
                      "dashArray": "",
                      "minDistance": null,
                      "opacity": 0.3,
                      "position": 0.5
                    },
                    "inside": false,
                    "labels": {
                      "color": "",
                      "opacity": 1
                    },
                    "opposite": false
                  },
                  "category": {
                    "break": {
                      "enabled": false,
                      "endCategory": "",
                      "size": 0.05,
                      "startCategory": ""
                    }
                  },
                  "date": {
                    "baseInterval": {
                      "count": 1,
                      "enabled": false,
                      "skipEmptyPeriods": false,
                      "timeUnit": "hour"
                    },
                    "break": {
                      "enabled": false,
                      "endDate": "",
                      "size": 0.05,
                      "startDate": ""
                    },
                    "format": "M/d/yyyy HH:mm:ss",
                    "inputFormat": "yyyy-MM-dd kk:mm:ss",
                    "range": {
                      "max": "",
                      "min": "",
                      "useStrict": false
                    }
                  },
                  "inversed": false,
                  "label": {
                    "color": "",
                    "enabled": true,
                    "text": ""
                  },
                  "name": "process temp",
                  "render": "value",
                  "tooltip": {
                    "background": {
                      "color": "",
                      "opacity": 1
                    },
                    "cornerRadius": 3,
                    "enabled": true,
                    "pointerLength": 4,
                    "text": ""
                  },
                  "value": {
                    "break": {
                      "enabled": false,
                      "endValue": 100,
                      "size": 0.05,
                      "startValue": 0
                    },
                    "format": "#,###.##",
                    "logarithmic": false,
                    "range": {
                      "max": "",
                      "min": "",
                      "useStrict": true
                    }
                  },
                  "visible": true
                }
              ]
            },
            "type": "ia.chart.xy"
          },
          {
            "meta": {
              "name": "Button"
            },
            "position": {
              "height": 33,
              "rotate": {
                "anchor": "-25% -54%"
              },
              "width": 33,
              "x": 34,
              "y": 334.6494580078125
            },
            "props": {
              "image": {
                "height": 40,
                "icon": {
                  "color": "#FFFFFF",
                  "path": "material/arrow_back"
                },
                "width": 40
              },
              "style": {
                "backgroundColor": "#4747FF"
              },
              "text": ""
            },
            "type": "ia.input.button"
          },
          {
            "meta": {
              "name": "Label"
            },
            "position": {
              "height": 32,
              "rotate": {
                "anchor": "0% 0%"
              },
              "width": 113,
              "x": 77,
              "y": 335.95888549804687
            },
            "props": {
              "text": "Back 10 years"
            },
            "type": "ia.display.label"
          },
          {
            "meta": {
              "name": "City"
            },
            "position": {
              "height": 36,
              "width": 256,
              "x": 306,
              "y": 15.01388931274414
            },
            "propConfig": {
              "props.options": {
                "binding": {
                  "config": {
                    "queryPath": "GetCities"
                  },
                  "type": "query"
                }
              }
            },
            "props": {
              "value": "Kumanovo"
            },
            "type": "ia.input.dropdown"
          }
        ],
        "meta": {
          "name": "CoordinateContainer"
        },
        "position": {
          "basis": "200px",
          "grow": 1
        },
        "type": "ia.container.coord"
      }
    ],
    "meta": {
      "name": "root"
    },
    "props": {
      "alignContent": "flex-start",
      "direction": "column",
      "style": {
        "classes": "Page/Color Page/Page"
      }
    },
    "type": "ia.container.flex"
  }
}