{
  "custom": {},
  "params": {},
  "props": {
    "defaultSize": {
      "height": 338,
      "width": 797
    }
  },
  "root": {
    "children": [
      {
        "meta": {
          "name": "Label"
        },
        "position": {
          "basis": "20px"
        },
        "propConfig": {
          "props.text": {
            "binding": {
              "config": {
                "expression": "\"10 years in history with highest mean temperature for \" + {session.custom.City} + \", \" + {session.custom.Country}"
              },
              "type": "expr"
            }
          }
        },
        "props": {
          "style": {
            "color": "#808080",
            "fontWeight": "bold",
            "marginBottom": 20,
            "textAlign": "center",
            "textTransform": "uppercase"
          }
        },
        "type": "ia.display.label"
      },
      {
        "meta": {
          "name": "FlexRepeater"
        },
        "position": {
          "grow": 1
        },
        "propConfig": {
          "props.instances": {
            "binding": {
              "config": {
                "parameters": {
                  "City": "{session.custom.City}",
                  "Country": "{session.custom.Country}"
                },
                "queryPath": "HighlightsFunctionalities/Warmest10Years",
                "returnFormat": "json"
              },
              "type": "query"
            }
          }
        },
        "props": {
          "justify": "center",
          "path": "Templates/Warm Year",
          "wrap": "wrap"
        },
        "type": "ia.display.flex-repeater"
      }
    ],
    "meta": {
      "name": "root"
    },
    "props": {
      "direction": "column",
      "justify": "center"
    },
    "type": "ia.container.flex"
  }
}