{
  "custom": {},
  "params": {
    "from": "value",
    "to": "value"
  },
  "propConfig": {
    "params.from": {
      "paramDirection": "input",
      "persistent": true
    },
    "params.to": {
      "paramDirection": "input",
      "persistent": true
    }
  },
  "props": {
    "defaultSize": {
      "height": 338,
      "width": 797
    }
  },
  "root": {
    "children": [
      {
        "meta": {
          "name": "Label"
        },
        "position": {
          "basis": "20px"
        },
        "propConfig": {
          "props.text": {
            "binding": {
              "config": {
                "expression": "\"Highest monthly temperature anomaly per year from \" + dateFormat({view.params.from},\"yyyy-MM-dd\") + \" to \" + dateFormat({view.params.to},\"yyyy-MM-dd\") + \" in \" + {session.custom.City} + \", \" + {session.custom.Country}"
              },
              "type": "expr"
            }
          }
        },
        "props": {
          "style": {
            "color": "#808080",
            "fontSize": 14,
            "fontWeight": "bold",
            "marginBottom": 20,
            "textAlign": "center",
            "textTransform": "uppercase"
          }
        },
        "type": "ia.display.label"
      },
      {
        "meta": {
          "name": "FlexRepeater"
        },
        "position": {
          "grow": 1
        },
        "propConfig": {
          "props.instances": {
            "binding": {
              "config": {
                "parameters": {
                  "City": "{session.custom.City}",
                  "Country": "{session.custom.Country}",
                  "EndDate": "{view.params.to}",
                  "StartDate": "{view.params.from}"
                },
                "queryPath": "TemperatureAnomalyFunctionalities/Highest10YearsAnomalies",
                "returnFormat": "json"
              },
              "type": "query"
            }
          }
        },
        "props": {
          "justify": "center",
          "path": "Templates/Temperature Anomaly Year",
          "wrap": "wrap"
        },
        "type": "ia.display.flex-repeater"
      }
    ],
    "meta": {
      "name": "root"
    },
    "props": {
      "direction": "column",
      "justify": "center"
    },
    "type": "ia.container.flex"
  }
}