{
  "custom": {},
  "params": {
    "values": [
      {
        "color": "red",
        "name": "Jan",
        "value": 1
      },
      {
        "color": "blue",
        "name": "Feb",
        "value": 1
      },
      {
        "color": "green",
        "name": "Mar",
        "value": 1
      },
      {
        "color": "pink",
        "name": "Apr",
        "value": 1
      },
      {
        "color": "brown",
        "name": "May",
        "value": 1
      },
      {
        "color": "yellow",
        "name": "Jun",
        "value": 1
      },
      {
        "color": "gray",
        "name": "Jul",
        "value": 1
      },
      {
        "color": "purple",
        "name": "Aug",
        "value": 1
      },
      {
        "color": "orchid",
        "name": "Sep",
        "value": 1
      },
      {
        "color": "orange",
        "name": "Oct",
        "value": 1
      },
      {
        "color": "aqua",
        "name": "Nov",
        "value": 1
      },
      {
        "color": "teal",
        "name": "Dec",
        "value": 1
      }
    ],
    "year": 1750
  },
  "propConfig": {
    "params.values": {
      "paramDirection": "input",
      "persistent": true
    },
    "params.year": {
      "paramDirection": "input",
      "persistent": true
    }
  },
  "props": {
    "defaultSize": {
      "height": 110,
      "width": 106
    }
  },
  "root": {
    "children": [
      {
        "meta": {
          "name": "PieChart"
        },
        "position": {
          "height": 108,
          "width": 97
        },
        "propConfig": {
          "props.colors": {
            "binding": {
              "config": {
                "path": "view.params.values"
              },
              "transforms": [
                {
                  "code": "\tcolors \u003d []\n\tfor row in value:\n\t\tfor key,value in row.items():\n\t\t\tif key \u003d\u003d \u0027color\u0027:\n\t\t\t\tcolors.append(value)\n\treturn colors",
                  "type": "script"
                }
              ],
              "type": "property"
            }
          },
          "props.data": {
            "binding": {
              "config": {
                "path": "view.params.values"
              },
              "type": "property"
            }
          }
        },
        "props": {
          "labels": {
            "inside": {
              "enabled": true,
              "percentLimit": 0,
              "radius": 50
            },
            "showName": false,
            "showValue": false
          },
          "legend": {
            "fontSize": 10
          },
          "showLegend": false,
          "style": {
            "fontSize": 10
          },
          "valueFormat": {
            "showPercentSymbol": false,
            "showValueAsPercent": false
          }
        },
        "type": "ia.chart.pie"
      },
      {
        "meta": {
          "name": "Icon"
        },
        "position": {
          "height": 49,
          "rotate": {
            "anchor": "-63% 50%"
          },
          "width": 59,
          "x": 19,
          "y": 29
        },
        "props": {
          "color": "#FFFFFF",
          "path": "material/fiber_manual_record"
        },
        "type": "ia.display.icon"
      },
      {
        "meta": {
          "name": "Label"
        },
        "position": {
          "height": 28,
          "rotate": {
            "anchor": "-88% 0%"
          },
          "width": 64,
          "x": 38.5,
          "y": 40
        },
        "propConfig": {
          "props.text": {
            "binding": {
              "config": {
                "path": "view.params.year"
              },
              "type": "property"
            }
          }
        },
        "props": {
          "style": {
            "fontSize": 10
          }
        },
        "type": "ia.display.label"
      }
    ],
    "meta": {
      "name": "root"
    },
    "type": "ia.container.coord"
  }
}