{
  "custom": {},
  "params": {
    "average": 0,
    "day": "Mon",
    "icon": "//cdn.weatherapi.com/weather/64x64/day/296.png",
    "maximum": 5,
    "minimum": -5,
    "timestamp": "2021-10-10"
  },
  "propConfig": {
    "params.average": {
      "paramDirection": "input",
      "persistent": true
    },
    "params.day": {
      "paramDirection": "input",
      "persistent": true
    },
    "params.icon": {
      "paramDirection": "input",
      "persistent": true
    },
    "params.maximum": {
      "paramDirection": "input",
      "persistent": true
    },
    "params.minimum": {
      "paramDirection": "input",
      "persistent": true
    },
    "params.timestamp": {
      "paramDirection": "input",
      "persistent": true
    }
  },
  "props": {
    "defaultSize": {
      "height": 190,
      "width": 170
    }
  },
  "root": {
    "children": [
      {
        "children": [
          {
            "meta": {
              "name": "Day"
            },
            "position": {
              "basis": "30px",
              "shrink": 0
            },
            "propConfig": {
              "props.text": {
                "binding": {
                  "config": {
                    "path": "view.params.day"
                  },
                  "type": "property"
                }
              }
            },
            "type": "ia.display.label"
          },
          {
            "meta": {
              "name": "Date"
            },
            "position": {
              "basis": "157px",
              "grow": 1
            },
            "propConfig": {
              "props.text": {
                "binding": {
                  "config": {
                    "path": "view.params.timestamp"
                  },
                  "type": "property"
                }
              }
            },
            "props": {
              "style": {
                "color": "#AAAAAA",
                "textAlign": "right"
              }
            },
            "type": "ia.display.label"
          }
        ],
        "meta": {
          "name": "Heading"
        },
        "position": {
          "basis": "100px",
          "grow": 1
        },
        "props": {
          "style": {
            "overflow": "hidden"
          }
        },
        "type": "ia.container.flex"
      },
      {
        "meta": {
          "name": "Space"
        },
        "position": {
          "basis": "10px",
          "grow": 1
        },
        "props": {
          "style": {
            "borderTopColor": "#AAAAAA",
            "borderTopStyle": "solid",
            "borderTopWidth": "1px"
          }
        },
        "type": "ia.display.label"
      },
      {
        "children": [
          {
            "children": [
              {
                "meta": {
                  "name": "Label"
                },
                "position": {
                  "basis": "50px",
                  "grow": 1
                },
                "propConfig": {
                  "props.text": {
                    "binding": {
                      "config": {
                        "expression": "\u0027Min: \u0027 + {view.params.minimum} + \u0027°\u0027"
                      },
                      "type": "expr"
                    }
                  }
                },
                "type": "ia.display.label"
              },
              {
                "meta": {
                  "name": "Label_0"
                },
                "position": {
                  "basis": "50px",
                  "grow": 1
                },
                "propConfig": {
                  "props.text": {
                    "binding": {
                      "config": {
                        "expression": "\u0027Avg: \u0027 + {view.params.average} + \u0027°\u0027"
                      },
                      "type": "expr"
                    }
                  }
                },
                "type": "ia.display.label"
              },
              {
                "meta": {
                  "name": "Label_1"
                },
                "position": {
                  "basis": "50px",
                  "grow": 1
                },
                "propConfig": {
                  "props.text": {
                    "binding": {
                      "config": {
                        "expression": "\u0027Max: \u0027 + {view.params.maximum} + \u0027°\u0027"
                      },
                      "type": "expr"
                    }
                  }
                },
                "type": "ia.display.label"
              }
            ],
            "meta": {
              "name": "FlexContainer"
            },
            "position": {
              "basis": "100px",
              "grow": 1
            },
            "props": {
              "wrap": "wrap"
            },
            "type": "ia.container.flex"
          },
          {
            "meta": {
              "name": "Image"
            },
            "position": {
              "basis": "90px",
              "grow": 1
            },
            "propConfig": {
              "props.source": {
                "binding": {
                  "config": {
                    "path": "view.params.icon"
                  },
                  "transforms": [
                    {
                      "expression": "if (len({value}) \u003d 0, \u0027//cdn.weatherapi.com/weather/64x64/day/116.png\u0027, {value})",
                      "type": "expression"
                    }
                  ],
                  "type": "property"
                }
              }
            },
            "props": {
              "fit": {
                "mode": "contain"
              }
            },
            "type": "ia.display.image"
          }
        ],
        "meta": {
          "name": "Temperatures"
        },
        "position": {
          "basis": "200px",
          "grow": 1
        },
        "type": "ia.container.flex"
      }
    ],
    "meta": {
      "name": "root"
    },
    "props": {
      "direction": "column",
      "style": {
        "backgroundColor": "#FFFFFF",
        "borderBottomLeftRadius": 20,
        "borderBottomRightRadius": 20,
        "borderColor": "#FFFFFF",
        "borderStyle": "hidden",
        "borderTopLeftRadius": 20,
        "borderTopRightRadius": 20,
        "classes": "Menu/Shadow",
        "margin": 5,
        "marginBottom": 10,
        "paddingBottom": 10,
        "paddingLeft": 10,
        "paddingRight": 10,
        "paddingTop": 10
      }
    },
    "type": "ia.container.flex"
  }
}