{
  "custom": {},
  "params": {},
  "props": {
    "defaultSize": {
      "height": 477,
      "width": 175
    }
  },
  "root": {
    "children": [
      {
        "meta": {
          "name": "FlexRepeater"
        },
        "position": {
          "basis": "320px",
          "grow": 1
        },
        "propConfig": {
          "props.instances": {
            "binding": {
              "config": {
                "expression": "runScript(\"MonthlyTemperatureAnomalies.get_scale()\")"
              },
              "type": "expr"
            }
          }
        },
        "props": {
          "direction": "column-reverse",
          "path": "Templates/Scale Unit"
        },
        "type": "ia.display.flex-repeater"
      }
    ],
    "meta": {
      "name": "root"
    },
    "props": {
      "direction": "column"
    },
    "type": "ia.container.flex"
  }
}