{
  "custom": {},
  "params": {},
  "propConfig": {
    "params.feature": {
      "paramDirection": "input"
    },
    "params.key": {
      "paramDirection": "input"
    },
    "params.tier1": {
      "paramDirection": "input"
    },
    "params.tier2": {
      "paramDirection": "input"
    }
  },
  "props": {
    "defaultSize": {
      "height": 1002
    }
  },
  "root": {
    "children": [
      {
        "children": [
          {
            "meta": {
              "name": "Label_0"
            },
            "position": {
              "basis": "700px",
              "grow": 1
            },
            "props": {
              "style": {
                "borderBottomColor": "#AAAAAA",
                "borderBottomStyle": "solid",
                "borderBottomWidth": 1,
                "borderLeftColor": "#AAAAAA",
                "borderLeftStyle": "none",
                "borderLeftWidth": 1,
                "borderRightColor": "#AAAAAA",
                "borderRightStyle": "none",
                "borderRightWidth": 1,
                "borderTopColor": "#AAAAAA",
                "borderTopStyle": "none",
                "borderTopWidth": 1,
                "fontSize": 16,
                "fontWeight": "bold",
                "paddingLeft": 5
              },
              "text": "GLOBAL CO2 EMISSION"
            },
            "type": "ia.display.label"
          }
        ],
        "meta": {
          "name": "Heading"
        },
        "position": {
          "shrink": 0
        },
        "props": {
          "style": {
            "marginTop": 17.5
          }
        },
        "type": "ia.container.flex"
      },
      {
        "meta": {
          "name": "Space_1"
        },
        "position": {
          "basis": "15px",
          "shrink": 0
        },
        "type": "ia.display.label"
      },
      {
        "children": [
          {
            "children": [
              {
                "meta": {
                  "name": "PieChart"
                },
                "position": {
                  "basis": "78%",
                  "grow": 1,
                  "shrink": 0
                },
                "propConfig": {
                  "props.data": {
                    "binding": {
                      "config": {
                        "queryPath": "GlobalFunctionalities/Top20CO2Emission",
                        "returnFormat": "json"
                      },
                      "type": "query"
                    }
                  }
                },
                "props": {
                  "colors": [
                    "#C8C769",
                    "#EC4B3D",
                    "#EC4B3D",
                    "#EC4B3D",
                    "#EC4B3D",
                    "#EC4B3D",
                    "#EC4B3D",
                    "#4FC86C",
                    "#4FC86C",
                    "#4FC86C",
                    "#4FC86C",
                    "#4FC86C",
                    "#4FC86C",
                    "#4FC86C",
                    "#4FC86C",
                    "#3366CC",
                    "#3366CC",
                    "#3366CC",
                    "#688B5B",
                    "#E69300"
                  ],
                  "showLegend": false,
                  "style": {
                    "fontSize": 12
                  },
                  "title": "Top 20 CO2 Emissions"
                },
                "type": "ia.chart.pie"
              },
              {
                "meta": {
                  "name": "EmbeddedView"
                },
                "position": {
                  "shrink": 0
                },
                "props": {
                  "path": "Docks/Continents"
                },
                "type": "ia.display.view"
              }
            ],
            "meta": {
              "name": "FlexContainer_0"
            },
            "position": {
              "basis": "800px",
              "shrink": 0
            },
            "type": "ia.container.flex"
          }
        ],
        "meta": {
          "name": "FlexContainer"
        },
        "position": {
          "shrink": 0
        },
        "props": {
          "justify": "center",
          "wrap": "wrap"
        },
        "type": "ia.container.flex"
      },
      {
        "children": [
          {
            "meta": {
              "name": "Label"
            },
            "position": {
              "basis": "32px"
            },
            "propConfig": {
              "props.text": {
                "binding": {
                  "config": {
                    "queryPath": "GlobalFunctionalities/WorldEmission",
                    "returnFormat": "scalar"
                  },
                  "transforms": [
                    {
                      "code": "\treturn \"World latest CO2 emission in megatons is \"  + str(value)",
                      "type": "script"
                    }
                  ],
                  "type": "query"
                }
              }
            },
            "type": "ia.display.label"
          },
          {
            "meta": {
              "name": "Table"
            },
            "position": {
              "basis": "70%",
              "grow": 1
            },
            "propConfig": {
              "props.data": {
                "binding": {
                  "config": {
                    "queryPath": "GlobalFunctionalities/HighestCO2Countries"
                  },
                  "type": "query"
                }
              }
            },
            "props": {
              "columns": [
                {
                  "align": "center",
                  "boolean": "checkbox",
                  "dateFormat": "MM/DD/YYYY",
                  "editable": false,
                  "field": "Row_Counter",
                  "footer": {
                    "align": "center",
                    "justify": "left",
                    "style": {
                      "classes": ""
                    },
                    "title": ""
                  },
                  "header": {
                    "align": "center",
                    "justify": "left",
                    "style": {
                      "classes": ""
                    },
                    "title": "Rank"
                  },
                  "justify": "left",
                  "number": "value",
                  "numberFormat": "0,0.##",
                  "progressBar": {
                    "bar": {
                      "color": "",
                      "style": {
                        "classes": ""
                      }
                    },
                    "max": 100,
                    "min": 0,
                    "track": {
                      "color": "",
                      "style": {
                        "classes": ""
                      }
                    },
                    "value": {
                      "enabled": true,
                      "format": "0,0.##",
                      "justify": "center",
                      "style": {
                        "classes": ""
                      }
                    }
                  },
                  "render": "auto",
                  "resizable": false,
                  "sort": "none",
                  "sortable": true,
                  "strictWidth": false,
                  "style": {
                    "classes": ""
                  },
                  "toggleSwitch": {
                    "color": {
                      "selected": "",
                      "unselected": ""
                    }
                  },
                  "viewParams": {},
                  "viewPath": "",
                  "visible": true,
                  "width": 100
                },
                {
                  "align": "center",
                  "boolean": "checkbox",
                  "dateFormat": "MM/DD/YYYY",
                  "editable": false,
                  "field": "country",
                  "footer": {
                    "align": "center",
                    "justify": "left",
                    "style": {
                      "classes": ""
                    },
                    "title": ""
                  },
                  "header": {
                    "align": "center",
                    "justify": "left",
                    "style": {
                      "classes": ""
                    },
                    "title": "Country"
                  },
                  "justify": "left",
                  "number": "value",
                  "numberFormat": "0,0.##",
                  "progressBar": {
                    "bar": {
                      "color": "",
                      "style": {
                        "classes": ""
                      }
                    },
                    "max": 100,
                    "min": 0,
                    "track": {
                      "color": "",
                      "style": {
                        "classes": ""
                      }
                    },
                    "value": {
                      "enabled": true,
                      "format": "0,0.##",
                      "justify": "center",
                      "style": {
                        "classes": ""
                      }
                    }
                  },
                  "render": "auto",
                  "resizable": false,
                  "sort": "none",
                  "sortable": false,
                  "strictWidth": false,
                  "style": {
                    "classes": ""
                  },
                  "toggleSwitch": {
                    "color": {
                      "selected": "",
                      "unselected": ""
                    }
                  },
                  "viewParams": {},
                  "viewPath": "",
                  "visible": true,
                  "width": ""
                },
                {
                  "align": "center",
                  "boolean": "checkbox",
                  "dateFormat": "MM/DD/YYYY",
                  "editable": false,
                  "field": "co2",
                  "footer": {
                    "align": "center",
                    "justify": "left",
                    "style": {
                      "classes": ""
                    },
                    "title": ""
                  },
                  "header": {
                    "align": "center",
                    "justify": "left",
                    "style": {
                      "classes": ""
                    },
                    "title": "CO2 in tones"
                  },
                  "justify": "auto",
                  "number": "value",
                  "numberFormat": "0,0.##",
                  "progressBar": {
                    "bar": {
                      "color": "",
                      "style": {
                        "classes": ""
                      }
                    },
                    "max": 100,
                    "min": 0,
                    "track": {
                      "color": "",
                      "style": {
                        "classes": ""
                      }
                    },
                    "value": {
                      "enabled": true,
                      "format": "0,0.##",
                      "justify": "center",
                      "style": {
                        "classes": ""
                      }
                    }
                  },
                  "render": "auto",
                  "resizable": false,
                  "sort": "none",
                  "sortable": false,
                  "strictWidth": false,
                  "style": {
                    "classes": ""
                  },
                  "toggleSwitch": {
                    "color": {
                      "selected": "",
                      "unselected": ""
                    }
                  },
                  "viewParams": {},
                  "viewPath": "",
                  "visible": true,
                  "width": ""
                }
              ],
              "enableHeaderGroups": true,
              "pager": {
                "bottom": false
              },
              "selection": {
                "enableRowSelection": false
              }
            },
            "type": "ia.display.table"
          }
        ],
        "meta": {
          "name": "FlexContainer_0"
        },
        "position": {
          "basis": "350px",
          "shrink": 0
        },
        "props": {
          "direction": "column",
          "justify": "center",
          "style": {
            "padding": 20
          }
        },
        "type": "ia.container.flex"
      }
    ],
    "meta": {
      "name": "root"
    },
    "props": {
      "direction": "column",
      "style": {
        "classes": "Page/Page",
        "paddingBottom": 10,
        "paddingLeft": 10,
        "paddingRight": 10,
        "paddingTop": 10
      }
    },
    "type": "ia.container.flex"
  }
}