{
  "custom": {},
  "params": {},
  "props": {
    "defaultSize": {
      "height": 213,
      "width": 102
    }
  },
  "root": {
    "children": [
      {
        "meta": {
          "name": "FlexRepeater"
        },
        "position": {
          "basis": "320px"
        },
        "props": {
          "direction": "column",
          "instances": [
            {
              "color": "#C8C769",
              "instancePosition": {},
              "instanceStyle": {
                "classes": ""
              },
              "name": "Africa"
            },
            {
              "color": "#EC4B3D",
              "instancePosition": {},
              "instanceStyle": {
                "classes": ""
              },
              "name": "Asia"
            },
            {
              "color": "#4FC86C",
              "instancePosition": {},
              "instanceStyle": {
                "classes": ""
              },
              "name": "Europe"
            },
            {
              "color": "#3366CC",
              "instancePosition": {},
              "instanceStyle": {
                "classes": ""
              },
              "name": "North America"
            },
            {
              "color": "#688B5B",
              "instancePosition": {},
              "instanceStyle": {
                "classes": ""
              },
              "name": "Oceania"
            },
            {
              "color": "#E69300",
              "instancePosition": {},
              "instanceStyle": {
                "classes": ""
              },
              "name": "South America"
            }
          ],
          "path": "Templates/Continent"
        },
        "type": "ia.display.flex-repeater"
      }
    ],
    "meta": {
      "name": "root"
    },
    "type": "ia.container.flex"
  }
}