{
  "custom": {},
  "events": {
    "system": {
      "onStartup": {
        "config": {
          "script": "\t\n\t#self.getChild(\"root\").getChild(\"Country\").props.value \u003d \u0027Macedonia\u0027\n\t\n\t# Reset the city dropdown based on the selected country\n\tnamedQuery \u003d \"GetCitiesForCountry\"\n\tparameters\u003d{\"Country\":self.session.custom.Country}\n\tresults \u003d system.db.runNamedQuery(path\u003dnamedQuery, parameters\u003dparameters)\n\t\n\t#self.getChild(\"root\").getChild(\"City\").props.options \u003d results\n\t#self.getChild(\"root\").getChild(\"City\").props.value \u003d results.getValueAt(0,0)"
        },
        "scope": "G",
        "type": "script"
      }
    }
  },
  "params": {},
  "props": {
    "defaultSize": {
      "height": 83,
      "width": 783
    }
  },
  "root": {
    "children": [
      {
        "events": {
          "component": {
            "onActionPerformed": {
              "config": {
                "script": "\t\n\tvalue \u003d self.props.value\n\t\n\tif value is not None:\n\t\t# Reset the city dropdown based on the selected country\n\t\tnamedQuery \u003d \"GetCitiesForCountry\"\n\t\tparameters\u003d{\"Country\":value}\n\t\tresults \u003d system.db.runNamedQuery(path\u003dnamedQuery, parameters\u003dparameters)\n\t\t\n\t\tself.getSibling(\"City\").props.options \u003d results\n\t\tself.getSibling(\"City\").props.value \u003d results.getValueAt(0,0)\n\t\t\n\t\tnamedQuery \u003d \"HighlightsFunctionalities/GatherTemperatureData\"\n\t\tparameters\u003d{\"Country\":self.getSibling(\"Country\").props.value, \"City\":results.getValueAt(0,0)}\n\t\tsystem.db.runNamedQuery(path\u003dnamedQuery, parameters\u003dparameters)\n\t\t\n\t\t# Set the session property to the name of the chosen city, meaning the data is successfully gathered\n\t\tself.session.custom.DataReady \u003d value\n\telse:\n\t\t# Reset the city dropdown \n\t\tnamedQuery \u003d \"GetCities\"\n\t\tparameters\u003d{}\n\t\tresults \u003d system.db.runNamedQuery(path\u003dnamedQuery, parameters\u003dparameters)\n\t\t\t\n\t\tself.getSibling(\"City\").props.options \u003d results\n\t\tself.getSibling(\"City\").props.value \u003d None\n\t\t\n\tsystem.perspective.sendMessage(\u0027unselectTemperature\u0027)\n\tsystem.perspective.sendMessage(\u0027unselectCO2\u0027)\n\t"
              },
              "scope": "G",
              "type": "script"
            }
          }
        },
        "meta": {
          "name": "Country"
        },
        "position": {
          "basis": "300px"
        },
        "propConfig": {
          "props.options": {
            "binding": {
              "config": {
                "queryPath": "GetCountries"
              },
              "type": "query"
            }
          },
          "props.value": {
            "binding": {
              "config": {
                "bidirectional": true,
                "path": "session.custom.Country"
              },
              "type": "property"
            }
          }
        },
        "props": {
          "placeholder": {
            "icon": {
              "path": "material/location_on"
            },
            "text": "Select Country"
          },
          "style": {
            "classes": "Menu/Dropdown Menu/Shadow"
          }
        },
        "type": "ia.input.dropdown"
      },
      {
        "events": {
          "component": {
            "onActionPerformed": {
              "config": {
                "script": "\t\n\tvalue \u003d self.props.value\n\t# Gather temperature data for the chosen city and country\n\tif value is not None:\n\t\tnamedQuery \u003d \"HighlightsFunctionalities/GatherTemperatureData\"\n\t\tparameters\u003d{\"Country\":self.getSibling(\"Country\").props.value, \"City\":value}\n\t\tsystem.db.runNamedQuery(path\u003dnamedQuery, parameters\u003dparameters)\n\t\t\n\t\t# Set the session property to the name of the chosen city, meaning the data is successfully gathered\n\t\tself.session.custom.DataReady \u003d value\n#\t\n#\tif value is not None:\n#\t\t# Reset the country label based on the selected country\n#\t\tnamedQuery \u003d \"GetCountryForCity\"\n#\t\tparameters\u003d{\"City\":value}\n#\t\tresults \u003d system.db.runNamedQuery(path\u003dnamedQuery, parameters\u003dparameters)\n#\t\t\n#\t\tself.getSibling(\"Country\").props.value \u003d results.getValueAt(0,0)\n\t\t\n\tsystem.perspective.sendMessage(\u0027unselectTemperature\u0027)\n\tsystem.perspective.sendMessage(\u0027unselectCO2\u0027)"
              },
              "scope": "G",
              "type": "script"
            }
          }
        },
        "meta": {
          "name": "City"
        },
        "position": {
          "basis": "300px",
          "shrink": 0
        },
        "propConfig": {
          "props.options": {
            "binding": {
              "config": {
                "queryPath": "GetCities"
              },
              "type": "query"
            }
          },
          "props.value": {
            "binding": {
              "config": {
                "bidirectional": true,
                "path": "session.custom.City"
              },
              "type": "property"
            }
          }
        },
        "props": {
          "placeholder": {
            "icon": {
              "path": "material/location_on"
            },
            "text": "Select City"
          },
          "style": {
            "classes": "Menu/Dropdown Menu/Shadow"
          }
        },
        "type": "ia.input.dropdown"
      }
    ],
    "meta": {
      "name": "root"
    },
    "props": {
      "justify": "center",
      "wrap": "wrap"
    },
    "type": "ia.container.flex"
  }
}