{
  "custom": {},
  "params": {},
  "props": {
    "defaultSize": {
      "height": 422,
      "width": 798
    }
  },
  "root": {
    "children": [
      {
        "meta": {
          "name": "FlexRepeater"
        },
        "position": {
          "grow": 1
        },
        "propConfig": {
          "props.instances": {
            "binding": {
              "config": {
                "parameters": {
                  "City": "{session.custom.City}",
                  "Country": "{session.custom.Country}",
                  "EndDate": "now()"
                },
                "queryPath": "HighlightsFunctionalities/LastWeekNews",
                "returnFormat": "json"
              },
              "type": "query"
            }
          }
        },
        "props": {
          "justify": "center",
          "path": "Templates/Day Of Week",
          "wrap": "wrap"
        },
        "type": "ia.display.flex-repeater"
      }
    ],
    "meta": {
      "name": "root"
    },
    "props": {
      "direction": "column"
    },
    "type": "ia.container.flex"
  }
}