{
  "custom": {},
  "params": {
    "params": {},
    "size": "medium"
  },
  "propConfig": {
    "params.params": {
      "paramDirection": "input",
      "persistent": true
    },
    "params.size": {
      "paramDirection": "input"
    }
  },
  "props": {
    "defaultSize": {
      "height": 58
    }
  },
  "root": {
    "children": [
      {
        "meta": {
          "hasDelegate": true,
          "name": "Spacer Start"
        },
        "position": {
          "basis": "16px",
          "shrink": 0
        },
        "props": {
          "text": " "
        },
        "type": "ia.display.label"
      },
      {
        "events": {
          "dom": {
            "onClick": {
              "config": {
                "id": "menu",
                "type": "toggle"
              },
              "scope": "C",
              "type": "dock"
            }
          }
        },
        "meta": {
          "name": "Menu Dock"
        },
        "position": {
          "basis": "24px",
          "shrink": 0
        },
        "propConfig": {
          "position.display": {
            "binding": {
              "config": {
                "expression": "{view.params.size} !\u003d \"large\""
              },
              "type": "expr"
            }
          }
        },
        "props": {
          "path": "material/menu",
          "style": {
            "classes": "Header/Icon",
            "marginRight": "10px"
          }
        },
        "type": "ia.display.icon"
      },
      {
        "events": {
          "dom": {
            "onClick": {
              "config": {
                "page": "/"
              },
              "scope": "C",
              "type": "nav"
            }
          }
        },
        "meta": {
          "name": "Label"
        },
        "position": {
          "basis": "500px",
          "grow": 1
        },
        "props": {
          "style": {
            "classes": "Title/Text",
            "color": "white",
            "cursor": "pointer"
          },
          "text": "GLOBAL WARMING"
        },
        "type": "ia.display.label"
      },
      {
        "events": {
          "dom": {
            "onClick": {
              "config": {
                "page": "/"
              },
              "scope": "C",
              "type": "nav"
            }
          }
        },
        "meta": {
          "name": "Ignition Logo"
        },
        "position": {
          "basis": "100px",
          "shrink": 0
        },
        "props": {
          "style": {
            "cursor": "pointer"
          },
          "viewBox": "0 0 137.121 58.111001"
        },
        "type": "ia.container.drawing"
      },
      {
        "meta": {
          "hasDelegate": true,
          "name": "Filler"
        },
        "position": {
          "grow": 1
        },
        "props": {
          "text": " "
        },
        "type": "ia.display.label"
      },
      {
        "events": {
          "component": {
            "onActionPerformed": {
              "config": {
                "script": "\t\n\tif self.props.selected \u003d\u003d True:\n\t\tself.session.props.theme \u003d \u0027dark-kpi\u0027\n\tif self.props.selected \u003d\u003d False:\n\t\tself.session.props.theme \u003d \u0027light-warm\u0027"
              },
              "scope": "G",
              "type": "script"
            }
          }
        },
        "meta": {
          "name": "ToggleSwitch"
        },
        "position": {
          "basis": "100px",
          "display": false
        },
        "props": {
          "label": {
            "style": {
              "borderStyle": "none",
              "boxSizing": "padding-box"
            }
          }
        },
        "type": "ia.input.toggle-switch"
      },
      {
        "meta": {
          "hasDelegate": true,
          "name": "Spacer End"
        },
        "position": {
          "basis": "16px",
          "shrink": 0
        },
        "props": {
          "text": " "
        },
        "type": "ia.display.label"
      }
    ],
    "meta": {
      "name": "root"
    },
    "props": {
      "style": {
        "classes": "Header/Header"
      }
    },
    "type": "ia.container.flex"
  }
}