{
  "custom": {},
  "params": {
    "color": "red",
    "name": "Europe"
  },
  "propConfig": {
    "params.color": {
      "paramDirection": "input",
      "persistent": true
    },
    "params.name": {
      "paramDirection": "input",
      "persistent": true
    }
  },
  "props": {
    "defaultSize": {
      "height": 34,
      "width": 100
    }
  },
  "root": {
    "children": [
      {
        "meta": {
          "name": "Icon"
        },
        "position": {
          "basis": "30px"
        },
        "propConfig": {
          "props.color": {
            "binding": {
              "config": {
                "path": "view.params.color"
              },
              "type": "property"
            }
          }
        },
        "props": {
          "path": "material/label"
        },
        "type": "ia.display.icon"
      },
      {
        "meta": {
          "name": "Label"
        },
        "position": {
          "basis": "32px",
          "grow": 1
        },
        "propConfig": {
          "props.text": {
            "binding": {
              "config": {
                "path": "view.params.name"
              },
              "type": "property"
            }
          }
        },
        "type": "ia.display.label"
      }
    ],
    "meta": {
      "name": "root"
    },
    "type": "ia.container.flex"
  }
}